"Book_Title","Chapter_Number","Chapter_Title"
"","0",""
"","0",""
"","0",""
"","0",""
"The Best Farm","7","The Best Farm Award"
"The Best Farm","7","The Best Farm Award"
"The Best Farm","7","The Best Farm Award"
"The Best Farm","7","The Best Farm Award"
"The Best Farm","7","The Best Farm Award"
"The Best Farm","7","The Best Farm Award"
"The Best Farm","7","The Best Farm Award"
"The Best Farm","7","The Best Farm Award"
"","0",""
"","0",""
"","0",""
"","0",""
"The Best Farm","1","The Contest"
"The Best Farm","1","The Contest"
"The Best Farm","1","The Contest"
"The Best Farm","1","The Contest"
"The Best Farm","1","The Contest"
"The Best Farm","1","The Contest"
"The Best Farm","1","The Contest"
"The Best Farm","1","The Contest"
"","0",""
"","0",""
"","0",""
"","0",""
"The Best Farm","1","The Contest"
"The Best Farm","1","The Contest"
"The Best Farm","1","The Contest"
"The Best Farm","1","The Contest"
"The Best Farm","1","The Contest"
"The Best Farm","1","The Contest"
"The Best Farm","1","The Contest"
"The Best Farm","1","The Contest"
"","0",""
"","0",""
"","0",""
"","0",""
"The Best Farm","1","The Contest"
"The Best Farm","1","The Contest"
"The Best Farm","1","The Contest"
"The Best Farm","1","The Contest"
"The Best Farm","1","The Contest"
"The Best Farm","1","The Contest"
"The Best Farm","1","The Contest"
"The Best Farm","1","The Contest"
"The Best Farm","1","The Contest"
"The Best Farm","1","The Contest"
"The Best Farm","1","The Contest"
"The Best Farm","1","The Contest"
"The Best Farm","1","The Contest"
"The Best Farm","1","The Contest"
"The Best Farm","1","The Contest"
"The Best Farm","1","The Contest"
"The Best Farm","1","The Contest"
"The Best Farm","1","The Contest"
"The Best Farm","1","The Contest"
"The Best Farm","1","The Contest"
"The Best Farm","1","The Contest"
"The Best Farm","1","The Contest"
"The Best Farm","1","The Contest"
"The Best Farm","1","The Contest"
"The Best Farm","1","The Contest"
"The Best Farm","1","The Contest"
"The Best Farm","1","The Contest"
"The Best Farm","1","The Contest"
"The Best Farm","1","The Contest"
"The Best Farm","1","The Contest"
"The Best Farm","1","The Contest"
"The Best Farm","1","The Contest"
"The Best Farm","1","The Contest"
"The Best Farm","1","The Contest"
"The Best Farm","1","The Contest"
"The Best Farm","1","The Contest"
"The Best Farm","1","The Contest"
"The Best Farm","1","The Contest"
"The Best Farm","1","The Contest"
"The Best Farm","1","The Contest"
"The Best Farm","1","The Contest"
"The Best Farm","1","The Contest"
"The Best Farm","1","The Contest"
"The Best Farm","1","The Contest"
"The Best Farm","1","The Contest"
"The Best Farm","1","The Contest"
"The Best Farm","1","The Contest"
"The Best Farm","1","The Contest"
"The Best Farm","1","The Contest"
"The Best Farm","1","The Contest"
"The Best Farm","1","The Contest"
"The Best Farm","1","The Contest"
"The Best Farm","1","The Contest"
"The Best Farm","1","The Contest"
"The Best Farm","1","The Contest"
"The Best Farm","1","The Contest"
"The Best Farm","1","The Contest"
"The Best Farm","1","The Contest"
"The Best Farm","1","The Contest"
"The Best Farm","1","The Contest"
"The Best Farm","1","The Contest"
"The Best Farm","1","The Contest"
"The Best Farm","1","The Contest"
"The Best Farm","1","The Contest"
"The Best Farm","1","The Contest"
"The Best Farm","1","The Contest"
"The Best Farm","1","The Contest"
"The Best Farm","1","The Contest"
"The Best Farm","1","The Contest"
"The Best Farm","1","The Contest"
"The Best Farm","1","The Contest"
"The Best Farm","1","The Contest"
"The Best Farm","1","The Contest"
"The Best Farm","1","The Contest"
"The Best Farm","1","The Contest"
"The Best Farm","1","The Contest"
"The Best Farm","1","The Contest"
"The Best Farm","1","The Contest"
"The Best Farm","1","The Contest"
"The Best Farm","1","The Contest"
"The Best Farm","1","The Contest"
"The Best Farm","1","The Contest"
"The Best Farm","1","The Contest"
"The Best Farm","1","The Contest"
"The Best Farm","1","The Contest"
"The Best Farm","1","The Contest"
"The Best Farm","1","The Contest"
"The Best Farm","1","The Contest"
"The Best Farm","1","The Contest"
"The Best Farm","1","The Contest"
"The Best Farm","1","The Contest"
"The Best Farm","1","The Contest"
"The Best Farm","1","The Contest"
"The Best Farm","1","The Contest"
"The Best Farm","1","The Contest"
"The Best Farm","1","The Contest"
"","0",""
"","0",""
"","0",""
"","0",""
"The Best Farm","1","The Contest"
"The Best Farm","1","The Contest"
"The Best Farm","1","The Contest"
"The Best Farm","1","The Contest"
"The Best Farm","1","The Contest"
"The Best Farm","1","The Contest"
"The Best Farm","1","The Contest"
"The Best Farm","1","The Contest"
"The Best Farm","1","The Contest"
"The Best Farm","1","The Contest"
"The Best Farm","1","The Contest"
"The Best Farm","1","The Contest"
"The Best Farm","1","The Contest"
"The Best Farm","1","The Contest"
"The Best Farm","1","The Contest"
"The Best Farm","1","The Contest"
"The Best Farm","1","The Contest"
"The Best Farm","1","The Contest"
"The Best Farm","1","The Contest"
"The Best Farm","1","The Contest"
"The Best Farm","1","The Contest"
"The Best Farm","1","The Contest"
"The Best Farm","1","The Contest"
"The Best Farm","1","The Contest"
"The Best Farm","1","The Contest"
"The Best Farm","1","The Contest"
"The Best Farm","1","The Contest"
"The Best Farm","1","The Contest"
"The Best Farm","1","The Contest"
"The Best Farm","1","The Contest"
"The Best Farm","1","The Contest"
"The Best Farm","1","The Contest"
"The Best Farm","1","The Contest"
"The Best Farm","1","The Contest"
"The Best Farm","1","The Contest"
"The Best Farm","1","The Contest"
"The Best Farm","1","The Contest"
"The Best Farm","1","The Contest"
"The Best Farm","1","The Contest"
"The Best Farm","1","The Contest"
"The Best Farm","1","The Contest"
"The Best Farm","1","The Contest"
"The Best Farm","1","The Contest"
"The Best Farm","1","The Contest"
"The Best Farm","1","The Contest"
"The Best Farm","1","The Contest"
"The Best Farm","1","The Contest"
"The Best Farm","1","The Contest"
"The Best Farm","1","The Contest"
"The Best Farm","1","The Contest"
"The Best Farm","1","The Contest"
"The Best Farm","1","The Contest"
"The Best Farm","1","The Contest"
"The Best Farm","1","The Contest"
"The Best Farm","1","The Contest"
"The Best Farm","1","The Contest"
"The Best Farm","1","The Contest"
"The Best Farm","1","The Contest"
"The Best Farm","1","The Contest"
"The Best Farm","1","The Contest"
"The Best Farm","1","The Contest"
"The Best Farm","1","The Contest"
"The Best Farm","1","The Contest"
"The Best Farm","1","The Contest"
"The Best Farm","1","The Contest"
"The Best Farm","1","The Contest"
"The Best Farm","1","The Contest"
"The Best Farm","1","The Contest"
"The Best Farm","1","The Contest"
"The Best Farm","1","The Contest"
"The Best Farm","1","The Contest"
"The Best Farm","1","The Contest"
"The Best Farm","1","The Contest"
"The Best Farm","1","The Contest"
"The Best Farm","1","The Contest"
"The Best Farm","1","The Contest"
"The Best Farm","1","The Contest"
"The Best Farm","1","The Contest"
"The Best Farm","1","The Contest"
"The Best Farm","1","The Contest"
"The Best Farm","1","The Contest"
"The Best Farm","1","The Contest"
"The Best Farm","1","The Contest"
"The Best Farm","1","The Contest"
"The Best Farm","1","The Contest"
"The Best Farm","1","The Contest"
"The Best Farm","1","The Contest"
"The Best Farm","1","The Contest"
"The Best Farm","1","The Contest"
"The Best Farm","1","The Contest"
"The Best Farm","1","The Contest"
"The Best Farm","1","The Contest"
"The Best Farm","1","The Contest"
"The Best Farm","1","The Contest"
"The Best Farm","1","The Contest"
"The Best Farm","1","The Contest"
"The Best Farm","1","The Contest"
"The Best Farm","1","The Contest"
"The Best Farm","1","The Contest"
"The Best Farm","1","The Contest"
"The Best Farm","1","The Contest"
"The Best Farm","1","The Contest"
"The Best Farm","1","The Contest"
"The Best Farm","1","The Contest"
"The Best Farm","1","The Contest"
"The Best Farm","1","The Contest"
"The Best Farm","1","The Contest"
"The Best Farm","1","The Contest"
"The Best Farm","1","The Contest"
"The Best Farm","1","The Contest"
"The Best Farm","1","The Contest"
"The Best Farm","1","The Contest"
"The Best Farm","1","The Contest"
"The Best Farm","1","The Contest"
"The Best Farm","1","The Contest"
"The Best Farm","1","The Contest"
"The Best Farm","1","The Contest"
"The Best Farm","1","The Contest"
"The Best Farm","1","The Contest"
"The Best Farm","1","The Contest"
"The Best Farm","1","The Contest"
"The Best Farm","1","The Contest"
"The Best Farm","1","The Contest"
"The Best Farm","1","The Contest"
"The Best Farm","1","The Contest"
"The Best Farm","1","The Contest"
"The Best Farm","1","The Contest"
"The Best Farm","1","The Contest"
"The Best Farm","1","The Contest"
"The Best Farm","1","The Contest"
"The Best Farm","1","The Contest"
"The Best Farm","1","The Contest"
"The Best Farm","1","The Contest"
"The Best Farm","1","The Contest"
"The Best Farm","1","The Contest"
"The Best Farm","1","The Contest"
"The Best Farm","1","The Contest"
"The Best Farm","1","The Contest"
"The Best Farm","1","The Contest"
"The Best Farm","1","The Contest"
"The Best Farm","1","The Contest"
"The Best Farm","1","The Contest"
"The Best Farm","1","The Contest"
"The Best Farm","1","The Contest"
"The Best Farm","1","The Contest"
"The Best Farm","1","The Contest"
"The Best Farm","1","The Contest"
"The Best Farm","1","The Contest"
"The Best Farm","1","The Contest"
"The Best Farm","1","The Contest"
"The Best Farm","1","The Contest"
"The Best Farm","1","The Contest"
"The Best Farm","1","The Contest"
"The Best Farm","1","The Contest"
"The Best Farm","1","The Contest"
"The Best Farm","1","The Contest"
"The Best Farm","1","The Contest"
"The Best Farm","1","The Contest"
"The Best Farm","1","The Contest"
"The Best Farm","1","The Contest"
"The Best Farm","1","The Contest"
"The Best Farm","1","The Contest"
"The Best Farm","1","The Contest"
"The Best Farm","1","The Contest"
"The Best Farm","1","The Contest"
"The Best Farm","1","The Contest"
"The Best Farm","1","The Contest"
"The Best Farm","1","The Contest"
"The Best Farm","1","The Contest"
"The Best Farm","1","The Contest"
"The Best Farm","1","The Contest"
"The Best Farm","1","The Contest"
"The Best Farm","1","The Contest"
"The Best Farm","1","The Contest"
"The Best Farm","1","The Contest"
"The Best Farm","1","The Contest"
"The Best Farm","1","The Contest"
"The Best Farm","1","The Contest"
"The Best Farm","1","The Contest"
"The Best Farm","1","The Contest"
"The Best Farm","1","The Contest"
"The Best Farm","1","The Contest"
"The Best Farm","1","The Contest"
"The Best Farm","1","The Contest"
"The Best Farm","1","The Contest"
"The Best Farm","1","The Contest"
"The Best Farm","1","The Contest"
"The Best Farm","1","The Contest"
"The Best Farm","1","The Contest"
"The Best Farm","1","The Contest"
"The Best Farm","1","The Contest"
"The Best Farm","1","The Contest"
"The Best Farm","1","The Contest"
"The Best Farm","1","The Contest"
"The Best Farm","1","The Contest"
"The Best Farm","1","The Contest"
"The Best Farm","1","The Contest"
"The Best Farm","1","The Contest"
"The Best Farm","1","The Contest"
"The Best Farm","1","The Contest"
"The Best Farm","1","The Contest"
"The Best Farm","1","The Contest"
"The Best Farm","1","The Contest"
"The Best Farm","1","The Contest"
"The Best Farm","1","The Contest"
"The Best Farm","1","The Contest"
"The Best Farm","1","The Contest"
"The Best Farm","1","The Contest"
"The Best Farm","1","The Contest"
"The Best Farm","1","The Contest"
"The Best Farm","1","The Contest"
"The Best Farm","1","The Contest"
"The Best Farm","1","The Contest"
"The Best Farm","1","The Contest"
"The Best Farm","1","The Contest"
"The Best Farm","1","The Contest"
"The Best Farm","1","The Contest"
"The Best Farm","1","The Contest"
"The Best Farm","1","The Contest"
"The Best Farm","1","The Contest"
"The Best Farm","1","The Contest"
"The Best Farm","1","The Contest"
"The Best Farm","1","The Contest"
"The Best Farm","1","The Contest"
"The Best Farm","1","The Contest"
"The Best Farm","1","The Contest"
"The Best Farm","1","The Contest"
"The Best Farm","1","The Contest"
"The Best Farm","1","The Contest"
"The Best Farm","1","The Contest"
"The Best Farm","1","The Contest"
"The Best Farm","1","The Contest"
"The Best Farm","1","The Contest"
"The Best Farm","1","The Contest"
"The Best Farm","1","The Contest"
"The Best Farm","1","The Contest"
"The Best Farm","1","The Contest"
"The Best Farm","1","The Contest"
"The Best Farm","1","The Contest"
"The Best Farm","1","The Contest"
"The Best Farm","1","The Contest"
"The Best Farm","1","The Contest"
"The Best Farm","1","The Contest"
"The Best Farm","1","The Contest"
"The Best Farm","1","The Contest"
"The Best Farm","1","The Contest"
"The Best Farm","1","The Contest"
"The Best Farm","1","The Contest"
"The Best Farm","1","The Contest"
"The Best Farm","1","The Contest"
"The Best Farm","1","The Contest"
"The Best Farm","1","The Contest"
"The Best Farm","1","The Contest"
"The Best Farm","1","The Contest"
"The Best Farm","1","The Contest"
"The Best Farm","1","The Contest"
"The Best Farm","1","The Contest"
"The Best Farm","1","The Contest"
"The Best Farm","1","The Contest"
"The Best Farm","1","The Contest"
"The Best Farm","1","The Contest"
"The Best Farm","1","The Contest"
"The Best Farm","1","The Contest"
"The Best Farm","1","The Contest"
"The Best Farm","1","The Contest"
"The Best Farm","1","The Contest"
"The Best Farm","1","The Contest"
"The Best Farm","1","The Contest"
"The Best Farm","1","The Contest"
"","0",""
"","0",""
"","0",""
"","0",""
"The Best Farm","2","Getting Ready"
"The Best Farm","2","Getting Ready"
"The Best Farm","2","Getting Ready"
"The Best Farm","2","Getting Ready"
"The Best Farm","2","Getting Ready"
"The Best Farm","2","Getting Ready"
"The Best Farm","2","Getting Ready"
"The Best Farm","2","Getting Ready"
"The Best Farm","2","Getting Ready"
"The Best Farm","2","Getting Ready"
"The Best Farm","2","Getting Ready"
"The Best Farm","2","Getting Ready"
"The Best Farm","2","Getting Ready"
"The Best Farm","2","Getting Ready"
"The Best Farm","2","Getting Ready"
"The Best Farm","2","Getting Ready"
"The Best Farm","2","Getting Ready"
"The Best Farm","2","Getting Ready"
"The Best Farm","2","Getting Ready"
"The Best Farm","2","Getting Ready"
"The Best Farm","2","Getting Ready"
"The Best Farm","2","Getting Ready"
"The Best Farm","2","Getting Ready"
"The Best Farm","2","Getting Ready"
"The Best Farm","2","Getting Ready"
"The Best Farm","2","Getting Ready"
"The Best Farm","2","Getting Ready"
"The Best Farm","2","Getting Ready"
"The Best Farm","2","Getting Ready"
"The Best Farm","2","Getting Ready"
"The Best Farm","2","Getting Ready"
"The Best Farm","2","Getting Ready"
"The Best Farm","2","Getting Ready"
"The Best Farm","2","Getting Ready"
"The Best Farm","2","Getting Ready"
"The Best Farm","2","Getting Ready"
"The Best Farm","2","Getting Ready"
"The Best Farm","2","Getting Ready"
"The Best Farm","2","Getting Ready"
"The Best Farm","2","Getting Ready"
"The Best Farm","2","Getting Ready"
"The Best Farm","2","Getting Ready"
"The Best Farm","2","Getting Ready"
"The Best Farm","2","Getting Ready"
"The Best Farm","2","Getting Ready"
"The Best Farm","2","Getting Ready"
"The Best Farm","2","Getting Ready"
"The Best Farm","2","Getting Ready"
"The Best Farm","2","Getting Ready"
"The Best Farm","2","Getting Ready"
"The Best Farm","2","Getting Ready"
"The Best Farm","2","Getting Ready"
"The Best Farm","2","Getting Ready"
"The Best Farm","2","Getting Ready"
"The Best Farm","2","Getting Ready"
"The Best Farm","2","Getting Ready"
"The Best Farm","2","Getting Ready"
"The Best Farm","2","Getting Ready"
"The Best Farm","2","Getting Ready"
"The Best Farm","2","Getting Ready"
"The Best Farm","2","Getting Ready"
"The Best Farm","2","Getting Ready"
"The Best Farm","2","Getting Ready"
"The Best Farm","2","Getting Ready"
"The Best Farm","2","Getting Ready"
"The Best Farm","2","Getting Ready"
"The Best Farm","2","Getting Ready"
"The Best Farm","2","Getting Ready"
"The Best Farm","2","Getting Ready"
"The Best Farm","2","Getting Ready"
"The Best Farm","2","Getting Ready"
"The Best Farm","2","Getting Ready"
"The Best Farm","2","Getting Ready"
"The Best Farm","2","Getting Ready"
"The Best Farm","2","Getting Ready"
"The Best Farm","2","Getting Ready"
"The Best Farm","2","Getting Ready"
"The Best Farm","2","Getting Ready"
"The Best Farm","2","Getting Ready"
"The Best Farm","2","Getting Ready"
"The Best Farm","2","Getting Ready"
"The Best Farm","2","Getting Ready"
"The Best Farm","2","Getting Ready"
"The Best Farm","2","Getting Ready"
"The Best Farm","2","Getting Ready"
"The Best Farm","2","Getting Ready"
"The Best Farm","2","Getting Ready"
"The Best Farm","2","Getting Ready"
"The Best Farm","2","Getting Ready"
"The Best Farm","2","Getting Ready"
"The Best Farm","2","Getting Ready"
"The Best Farm","2","Getting Ready"
"The Best Farm","2","Getting Ready"
"The Best Farm","2","Getting Ready"
"The Best Farm","2","Getting Ready"
"The Best Farm","2","Getting Ready"
"The Best Farm","2","Getting Ready"
"The Best Farm","2","Getting Ready"
"The Best Farm","2","Getting Ready"
"The Best Farm","2","Getting Ready"
"The Best Farm","2","Getting Ready"
"The Best Farm","2","Getting Ready"
"The Best Farm","2","Getting Ready"
"The Best Farm","2","Getting Ready"
"The Best Farm","2","Getting Ready"
"The Best Farm","2","Getting Ready"
"The Best Farm","2","Getting Ready"
"The Best Farm","2","Getting Ready"
"The Best Farm","2","Getting Ready"
"The Best Farm","2","Getting Ready"
"The Best Farm","2","Getting Ready"
"The Best Farm","2","Getting Ready"
"The Best Farm","2","Getting Ready"
"The Best Farm","2","Getting Ready"
"The Best Farm","2","Getting Ready"
"The Best Farm","2","Getting Ready"
"The Best Farm","2","Getting Ready"
"The Best Farm","2","Getting Ready"
"The Best Farm","2","Getting Ready"
"The Best Farm","2","Getting Ready"
"The Best Farm","2","Getting Ready"
"The Best Farm","2","Getting Ready"
"The Best Farm","2","Getting Ready"
"The Best Farm","2","Getting Ready"
"The Best Farm","2","Getting Ready"
"The Best Farm","2","Getting Ready"
"The Best Farm","2","Getting Ready"
"The Best Farm","2","Getting Ready"
"The Best Farm","2","Getting Ready"
"The Best Farm","2","Getting Ready"
"The Best Farm","2","Getting Ready"
"The Best Farm","2","Getting Ready"
"The Best Farm","2","Getting Ready"
"The Best Farm","2","Getting Ready"
"The Best Farm","2","Getting Ready"
"The Best Farm","2","Getting Ready"
"The Best Farm","2","Getting Ready"
"The Best Farm","2","Getting Ready"
"The Best Farm","2","Getting Ready"
"The Best Farm","2","Getting Ready"
"The Best Farm","2","Getting Ready"
"The Best Farm","2","Getting Ready"
"The Best Farm","2","Getting Ready"
"The Best Farm","2","Getting Ready"
"The Best Farm","2","Getting Ready"
"The Best Farm","2","Getting Ready"
"The Best Farm","2","Getting Ready"
"The Best Farm","2","Getting Ready"
"The Best Farm","2","Getting Ready"
"The Best Farm","2","Getting Ready"
"The Best Farm","2","Getting Ready"
"The Best Farm","2","Getting Ready"
"The Best Farm","2","Getting Ready"
"The Best Farm","2","Getting Ready"
"The Best Farm","2","Getting Ready"
"The Best Farm","2","Getting Ready"
"The Best Farm","2","Getting Ready"
"The Best Farm","2","Getting Ready"
"The Best Farm","2","Getting Ready"
"The Best Farm","2","Getting Ready"
"The Best Farm","2","Getting Ready"
"The Best Farm","2","Getting Ready"
"The Best Farm","2","Getting Ready"
"The Best Farm","2","Getting Ready"
"The Best Farm","2","Getting Ready"
"The Best Farm","2","Getting Ready"
"The Best Farm","2","Getting Ready"
"The Best Farm","2","Getting Ready"
"The Best Farm","2","Getting Ready"
"The Best Farm","2","Getting Ready"
"The Best Farm","2","Getting Ready"
"The Best Farm","2","Getting Ready"
"The Best Farm","2","Getting Ready"
"The Best Farm","2","Getting Ready"
"The Best Farm","2","Getting Ready"
"The Best Farm","2","Getting Ready"
"The Best Farm","2","Getting Ready"
"The Best Farm","2","Getting Ready"
"The Best Farm","2","Getting Ready"
"The Best Farm","2","Getting Ready"
"The Best Farm","2","Getting Ready"
"The Best Farm","2","Getting Ready"
"The Best Farm","2","Getting Ready"
"The Best Farm","2","Getting Ready"
"The Best Farm","2","Getting Ready"
"The Best Farm","2","Getting Ready"
"The Best Farm","2","Getting Ready"
"The Best Farm","2","Getting Ready"
"The Best Farm","2","Getting Ready"
"The Best Farm","2","Getting Ready"
"The Best Farm","2","Getting Ready"
"The Best Farm","2","Getting Ready"
"The Best Farm","2","Getting Ready"
"The Best Farm","2","Getting Ready"
"The Best Farm","2","Getting Ready"
"The Best Farm","2","Getting Ready"
"The Best Farm","2","Getting Ready"
"The Best Farm","2","Getting Ready"
"The Best Farm","2","Getting Ready"
"The Best Farm","2","Getting Ready"
"The Best Farm","2","Getting Ready"
"The Best Farm","2","Getting Ready"
"The Best Farm","2","Getting Ready"
"The Best Farm","2","Getting Ready"
"The Best Farm","2","Getting Ready"
"The Best Farm","2","Getting Ready"
"The Best Farm","2","Getting Ready"
"The Best Farm","2","Getting Ready"
"The Best Farm","2","Getting Ready"
"The Best Farm","2","Getting Ready"
"The Best Farm","2","Getting Ready"
"The Best Farm","2","Getting Ready"
"The Best Farm","2","Getting Ready"
"The Best Farm","2","Getting Ready"
"The Best Farm","2","Getting Ready"
"The Best Farm","2","Getting Ready"
"The Best Farm","2","Getting Ready"
"The Best Farm","2","Getting Ready"
"The Best Farm","2","Getting Ready"
"The Best Farm","2","Getting Ready"
"The Best Farm","2","Getting Ready"
"The Best Farm","2","Getting Ready"
"The Best Farm","2","Getting Ready"
"The Best Farm","2","Getting Ready"
"The Best Farm","2","Getting Ready"
"The Best Farm","2","Getting Ready"
"The Best Farm","2","Getting Ready"
"The Best Farm","2","Getting Ready"
"The Best Farm","2","Getting Ready"
"The Best Farm","2","Getting Ready"
"The Best Farm","2","Getting Ready"
"The Best Farm","2","Getting Ready"
"The Best Farm","2","Getting Ready"
"The Best Farm","2","Getting Ready"
"The Best Farm","2","Getting Ready"
"The Best Farm","2","Getting Ready"
"The Best Farm","2","Getting Ready"
"The Best Farm","2","Getting Ready"
"The Best Farm","2","Getting Ready"
"The Best Farm","2","Getting Ready"
"The Best Farm","2","Getting Ready"
"The Best Farm","2","Getting Ready"
"The Best Farm","2","Getting Ready"
"The Best Farm","2","Getting Ready"
"The Best Farm","2","Getting Ready"
"The Best Farm","2","Getting Ready"
"The Best Farm","2","Getting Ready"
"The Best Farm","2","Getting Ready"
"The Best Farm","2","Getting Ready"
"The Best Farm","2","Getting Ready"
"The Best Farm","2","Getting Ready"
"The Best Farm","2","Getting Ready"
"The Best Farm","2","Getting Ready"
"The Best Farm","2","Getting Ready"
"The Best Farm","2","Getting Ready"
"The Best Farm","2","Getting Ready"
"The Best Farm","2","Getting Ready"
"The Best Farm","2","Getting Ready"
"The Best Farm","2","Getting Ready"
"The Best Farm","2","Getting Ready"
"The Best Farm","2","Getting Ready"
"The Best Farm","2","Getting Ready"
"The Best Farm","2","Getting Ready"
"The Best Farm","2","Getting Ready"
"The Best Farm","2","Getting Ready"
"The Best Farm","2","Getting Ready"
"The Best Farm","2","Getting Ready"
"The Best Farm","2","Getting Ready"
"The Best Farm","2","Getting Ready"
"The Best Farm","2","Getting Ready"
"The Best Farm","2","Getting Ready"
"The Best Farm","2","Getting Ready"
"The Best Farm","2","Getting Ready"
"The Best Farm","2","Getting Ready"
"The Best Farm","2","Getting Ready"
"The Best Farm","2","Getting Ready"
"The Best Farm","2","Getting Ready"
"The Best Farm","2","Getting Ready"
"The Best Farm","2","Getting Ready"
"The Best Farm","2","Getting Ready"
"The Best Farm","2","Getting Ready"
"The Best Farm","2","Getting Ready"
"The Best Farm","2","Getting Ready"
"The Best Farm","2","Getting Ready"
"The Best Farm","2","Getting Ready"
"The Best Farm","2","Getting Ready"
"The Best Farm","2","Getting Ready"
"The Best Farm","2","Getting Ready"
"The Best Farm","2","Getting Ready"
"The Best Farm","2","Getting Ready"
"The Best Farm","2","Getting Ready"
"The Best Farm","2","Getting Ready"
"The Best Farm","2","Getting Ready"
"The Best Farm","2","Getting Ready"
"The Best Farm","2","Getting Ready"
"The Best Farm","2","Getting Ready"
"The Best Farm","2","Getting Ready"
"The Best Farm","2","Getting Ready"
"The Best Farm","2","Getting Ready"
"The Best Farm","2","Getting Ready"
"The Best Farm","2","Getting Ready"
"The Best Farm","2","Getting Ready"
"The Best Farm","2","Getting Ready"
"The Best Farm","2","Getting Ready"
"The Best Farm","2","Getting Ready"
"The Best Farm","2","Getting Ready"
"The Best Farm","2","Getting Ready"
"The Best Farm","2","Getting Ready"
"The Best Farm","2","Getting Ready"
"The Best Farm","2","Getting Ready"
"The Best Farm","2","Getting Ready"
"The Best Farm","2","Getting Ready"
"The Best Farm","2","Getting Ready"
"The Best Farm","2","Getting Ready"
"The Best Farm","2","Getting Ready"
"The Best Farm","2","Getting Ready"
"The Best Farm","2","Getting Ready"
"The Best Farm","2","Getting Ready"
"The Best Farm","2","Getting Ready"
"The Best Farm","2","Getting Ready"
"The Best Farm","2","Getting Ready"
"The Best Farm","2","Getting Ready"
"The Best Farm","2","Getting Ready"
"The Best Farm","2","Getting Ready"
"The Best Farm","2","Getting Ready"
"The Best Farm","2","Getting Ready"
"The Best Farm","2","Getting Ready"
"The Best Farm","2","Getting Ready"
"The Best Farm","2","Getting Ready"
"The Best Farm","2","Getting Ready"
"The Best Farm","2","Getting Ready"
"The Best Farm","2","Getting Ready"
"The Best Farm","2","Getting Ready"
"The Best Farm","2","Getting Ready"
"The Best Farm","2","Getting Ready"
"The Best Farm","2","Getting Ready"
"The Best Farm","2","Getting Ready"
"The Best Farm","2","Getting Ready"
"The Best Farm","2","Getting Ready"
"The Best Farm","2","Getting Ready"
"The Best Farm","2","Getting Ready"
"The Best Farm","2","Getting Ready"
"The Best Farm","2","Getting Ready"
"The Best Farm","2","Getting Ready"
"The Best Farm","2","Getting Ready"
"The Best Farm","2","Getting Ready"
"The Best Farm","2","Getting Ready"
"The Best Farm","2","Getting Ready"
"The Best Farm","2","Getting Ready"
"The Best Farm","2","Getting Ready"
"","0",""
"","0",""
"","0",""
"","0",""
"The Best Farm","3","Cleaning Up"
"The Best Farm","3","Cleaning Up"
"The Best Farm","3","Cleaning Up"
"The Best Farm","3","Cleaning Up"
"The Best Farm","3","Cleaning Up"
"The Best Farm","3","Cleaning Up"
"The Best Farm","3","Cleaning Up"
"The Best Farm","3","Cleaning Up"
"The Best Farm","3","Cleaning Up"
"The Best Farm","3","Cleaning Up"
"The Best Farm","3","Cleaning Up"
"The Best Farm","3","Cleaning Up"
"The Best Farm","3","Cleaning Up"
"The Best Farm","3","Cleaning Up"
"The Best Farm","3","Cleaning Up"
"The Best Farm","3","Cleaning Up"
"The Best Farm","3","Cleaning Up"
"The Best Farm","3","Cleaning Up"
"The Best Farm","3","Cleaning Up"
"The Best Farm","3","Cleaning Up"
"The Best Farm","3","Cleaning Up"
"The Best Farm","3","Cleaning Up"
"The Best Farm","3","Cleaning Up"
"The Best Farm","3","Cleaning Up"
"The Best Farm","3","Cleaning Up"
"The Best Farm","3","Cleaning Up"
"The Best Farm","3","Cleaning Up"
"The Best Farm","3","Cleaning Up"
"The Best Farm","3","Cleaning Up"
"The Best Farm","3","Cleaning Up"
"The Best Farm","3","Cleaning Up"
"The Best Farm","3","Cleaning Up"
"The Best Farm","3","Cleaning Up"
"The Best Farm","3","Cleaning Up"
"The Best Farm","3","Cleaning Up"
"The Best Farm","3","Cleaning Up"
"The Best Farm","3","Cleaning Up"
"The Best Farm","3","Cleaning Up"
"The Best Farm","3","Cleaning Up"
"The Best Farm","3","Cleaning Up"
"The Best Farm","3","Cleaning Up"
"The Best Farm","3","Cleaning Up"
"The Best Farm","3","Cleaning Up"
"The Best Farm","3","Cleaning Up"
"The Best Farm","3","Cleaning Up"
"The Best Farm","3","Cleaning Up"
"The Best Farm","3","Cleaning Up"
"The Best Farm","3","Cleaning Up"
"The Best Farm","3","Cleaning Up"
"The Best Farm","3","Cleaning Up"
"The Best Farm","3","Cleaning Up"
"The Best Farm","3","Cleaning Up"
"The Best Farm","3","Cleaning Up"
"The Best Farm","3","Cleaning Up"
"The Best Farm","3","Cleaning Up"
"The Best Farm","3","Cleaning Up"
"The Best Farm","3","Cleaning Up"
"The Best Farm","3","Cleaning Up"
"The Best Farm","3","Cleaning Up"
"The Best Farm","3","Cleaning Up"
"The Best Farm","3","Cleaning Up"
"The Best Farm","3","Cleaning Up"
"The Best Farm","3","Cleaning Up"
"The Best Farm","3","Cleaning Up"
"The Best Farm","3","Cleaning Up"
"The Best Farm","3","Cleaning Up"
"The Best Farm","3","Cleaning Up"
"The Best Farm","3","Cleaning Up"
"The Best Farm","3","Cleaning Up"
"The Best Farm","3","Cleaning Up"
"The Best Farm","3","Cleaning Up"
"The Best Farm","3","Cleaning Up"
"The Best Farm","3","Cleaning Up"
"The Best Farm","3","Cleaning Up"
"The Best Farm","3","Cleaning Up"
"The Best Farm","3","Cleaning Up"
"The Best Farm","3","Cleaning Up"
"The Best Farm","3","Cleaning Up"
"The Best Farm","3","Cleaning Up"
"The Best Farm","3","Cleaning Up"
"The Best Farm","3","Cleaning Up"
"The Best Farm","3","Cleaning Up"
"The Best Farm","3","Cleaning Up"
"The Best Farm","3","Cleaning Up"
"The Best Farm","3","Cleaning Up"
"The Best Farm","3","Cleaning Up"
"The Best Farm","3","Cleaning Up"
"The Best Farm","3","Cleaning Up"
"The Best Farm","3","Cleaning Up"
"The Best Farm","3","Cleaning Up"
"The Best Farm","3","Cleaning Up"
"The Best Farm","3","Cleaning Up"
"The Best Farm","3","Cleaning Up"
"The Best Farm","3","Cleaning Up"
"The Best Farm","3","Cleaning Up"
"The Best Farm","3","Cleaning Up"
"The Best Farm","3","Cleaning Up"
"The Best Farm","3","Cleaning Up"
"The Best Farm","3","Cleaning Up"
"The Best Farm","3","Cleaning Up"
"The Best Farm","3","Cleaning Up"
"The Best Farm","3","Cleaning Up"
"The Best Farm","3","Cleaning Up"
"The Best Farm","3","Cleaning Up"
"The Best Farm","3","Cleaning Up"
"The Best Farm","3","Cleaning Up"
"The Best Farm","3","Cleaning Up"
"The Best Farm","3","Cleaning Up"
"The Best Farm","3","Cleaning Up"
"The Best Farm","3","Cleaning Up"
"The Best Farm","3","Cleaning Up"
"The Best Farm","3","Cleaning Up"
"The Best Farm","3","Cleaning Up"
"The Best Farm","3","Cleaning Up"
"The Best Farm","3","Cleaning Up"
"The Best Farm","3","Cleaning Up"
"The Best Farm","3","Cleaning Up"
"The Best Farm","3","Cleaning Up"
"The Best Farm","3","Cleaning Up"
"The Best Farm","3","Cleaning Up"
"The Best Farm","3","Cleaning Up"
"The Best Farm","3","Cleaning Up"
"The Best Farm","3","Cleaning Up"
"The Best Farm","3","Cleaning Up"
"The Best Farm","3","Cleaning Up"
"The Best Farm","3","Cleaning Up"
"The Best Farm","3","Cleaning Up"
"The Best Farm","3","Cleaning Up"
"The Best Farm","3","Cleaning Up"
"The Best Farm","3","Cleaning Up"
"The Best Farm","3","Cleaning Up"
"The Best Farm","3","Cleaning Up"
"The Best Farm","3","Cleaning Up"
"The Best Farm","3","Cleaning Up"
"The Best Farm","3","Cleaning Up"
"The Best Farm","3","Cleaning Up"
"The Best Farm","3","Cleaning Up"
"The Best Farm","3","Cleaning Up"
"The Best Farm","3","Cleaning Up"
"The Best Farm","3","Cleaning Up"
"The Best Farm","3","Cleaning Up"
"The Best Farm","3","Cleaning Up"
"The Best Farm","3","Cleaning Up"
"The Best Farm","3","Cleaning Up"
"The Best Farm","3","Cleaning Up"
"The Best Farm","3","Cleaning Up"
"The Best Farm","3","Cleaning Up"
"The Best Farm","3","Cleaning Up"
"The Best Farm","3","Cleaning Up"
"The Best Farm","3","Cleaning Up"
"The Best Farm","3","Cleaning Up"
"The Best Farm","3","Cleaning Up"
"The Best Farm","3","Cleaning Up"
"The Best Farm","3","Cleaning Up"
"The Best Farm","3","Cleaning Up"
"The Best Farm","3","Cleaning Up"
"The Best Farm","3","Cleaning Up"
"The Best Farm","3","Cleaning Up"
"The Best Farm","3","Cleaning Up"
"The Best Farm","3","Cleaning Up"
"The Best Farm","3","Cleaning Up"
"The Best Farm","3","Cleaning Up"
"The Best Farm","3","Cleaning Up"
"The Best Farm","3","Cleaning Up"
"The Best Farm","3","Cleaning Up"
"The Best Farm","3","Cleaning Up"
"The Best Farm","3","Cleaning Up"
"The Best Farm","3","Cleaning Up"
"The Best Farm","3","Cleaning Up"
"The Best Farm","3","Cleaning Up"
"The Best Farm","3","Cleaning Up"
"The Best Farm","3","Cleaning Up"
"The Best Farm","3","Cleaning Up"
"The Best Farm","3","Cleaning Up"
"The Best Farm","3","Cleaning Up"
"The Best Farm","3","Cleaning Up"
"The Best Farm","3","Cleaning Up"
"The Best Farm","3","Cleaning Up"
"The Best Farm","3","Cleaning Up"
"The Best Farm","3","Cleaning Up"
"The Best Farm","3","Cleaning Up"
"The Best Farm","3","Cleaning Up"
"The Best Farm","3","Cleaning Up"
"The Best Farm","3","Cleaning Up"
"The Best Farm","3","Cleaning Up"
"The Best Farm","3","Cleaning Up"
"The Best Farm","3","Cleaning Up"
"The Best Farm","3","Cleaning Up"
"The Best Farm","3","Cleaning Up"
"The Best Farm","3","Cleaning Up"
"The Best Farm","3","Cleaning Up"
"The Best Farm","3","Cleaning Up"
"The Best Farm","3","Cleaning Up"
"The Best Farm","3","Cleaning Up"
"The Best Farm","3","Cleaning Up"
"The Best Farm","3","Cleaning Up"
"The Best Farm","3","Cleaning Up"
"The Best Farm","3","Cleaning Up"
"The Best Farm","3","Cleaning Up"
"The Best Farm","3","Cleaning Up"
"The Best Farm","3","Cleaning Up"
"The Best Farm","3","Cleaning Up"
"The Best Farm","3","Cleaning Up"
"The Best Farm","3","Cleaning Up"
"The Best Farm","3","Cleaning Up"
"The Best Farm","3","Cleaning Up"
"The Best Farm","3","Cleaning Up"
"The Best Farm","3","Cleaning Up"
"The Best Farm","3","Cleaning Up"
"The Best Farm","3","Cleaning Up"
"The Best Farm","3","Cleaning Up"
"The Best Farm","3","Cleaning Up"
"The Best Farm","3","Cleaning Up"
"The Best Farm","3","Cleaning Up"
"The Best Farm","3","Cleaning Up"
"The Best Farm","3","Cleaning Up"
"The Best Farm","3","Cleaning Up"
"The Best Farm","3","Cleaning Up"
"The Best Farm","3","Cleaning Up"
"The Best Farm","3","Cleaning Up"
"The Best Farm","3","Cleaning Up"
"The Best Farm","3","Cleaning Up"
"The Best Farm","3","Cleaning Up"
"The Best Farm","3","Cleaning Up"
"The Best Farm","3","Cleaning Up"
"The Best Farm","3","Cleaning Up"
"The Best Farm","3","Cleaning Up"
"The Best Farm","3","Cleaning Up"
"The Best Farm","3","Cleaning Up"
"The Best Farm","3","Cleaning Up"
"The Best Farm","3","Cleaning Up"
"The Best Farm","3","Cleaning Up"
"The Best Farm","3","Cleaning Up"
"The Best Farm","3","Cleaning Up"
"The Best Farm","3","Cleaning Up"
"The Best Farm","3","Cleaning Up"
"The Best Farm","3","Cleaning Up"
"The Best Farm","3","Cleaning Up"
"The Best Farm","3","Cleaning Up"
"The Best Farm","3","Cleaning Up"
"The Best Farm","3","Cleaning Up"
"The Best Farm","3","Cleaning Up"
"The Best Farm","3","Cleaning Up"
"The Best Farm","3","Cleaning Up"
"The Best Farm","3","Cleaning Up"
"The Best Farm","3","Cleaning Up"
"The Best Farm","3","Cleaning Up"
"The Best Farm","3","Cleaning Up"
"The Best Farm","3","Cleaning Up"
"The Best Farm","3","Cleaning Up"
"The Best Farm","3","Cleaning Up"
"The Best Farm","3","Cleaning Up"
"The Best Farm","3","Cleaning Up"
"The Best Farm","3","Cleaning Up"
"The Best Farm","3","Cleaning Up"
"The Best Farm","3","Cleaning Up"
"The Best Farm","3","Cleaning Up"
"The Best Farm","3","Cleaning Up"
"The Best Farm","3","Cleaning Up"
"The Best Farm","3","Cleaning Up"
"The Best Farm","3","Cleaning Up"
"The Best Farm","3","Cleaning Up"
"The Best Farm","3","Cleaning Up"
"The Best Farm","3","Cleaning Up"
"The Best Farm","3","Cleaning Up"
"The Best Farm","3","Cleaning Up"
"The Best Farm","3","Cleaning Up"
"The Best Farm","3","Cleaning Up"
"The Best Farm","3","Cleaning Up"
"The Best Farm","3","Cleaning Up"
"The Best Farm","3","Cleaning Up"
"The Best Farm","3","Cleaning Up"
"The Best Farm","3","Cleaning Up"
"The Best Farm","3","Cleaning Up"
"The Best Farm","3","Cleaning Up"
"The Best Farm","3","Cleaning Up"
"The Best Farm","3","Cleaning Up"
"The Best Farm","3","Cleaning Up"
"The Best Farm","3","Cleaning Up"
"The Best Farm","3","Cleaning Up"
"The Best Farm","3","Cleaning Up"
"The Best Farm","3","Cleaning Up"
"The Best Farm","3","Cleaning Up"
"The Best Farm","3","Cleaning Up"
"The Best Farm","3","Cleaning Up"
"The Best Farm","3","Cleaning Up"
"The Best Farm","3","Cleaning Up"
"The Best Farm","3","Cleaning Up"
"The Best Farm","3","Cleaning Up"
"The Best Farm","3","Cleaning Up"
"The Best Farm","3","Cleaning Up"
"The Best Farm","3","Cleaning Up"
"The Best Farm","3","Cleaning Up"
"The Best Farm","3","Cleaning Up"
"The Best Farm","3","Cleaning Up"
"The Best Farm","3","Cleaning Up"
"The Best Farm","3","Cleaning Up"
"The Best Farm","3","Cleaning Up"
"The Best Farm","3","Cleaning Up"
"The Best Farm","3","Cleaning Up"
"The Best Farm","3","Cleaning Up"
"The Best Farm","3","Cleaning Up"
"The Best Farm","3","Cleaning Up"
"The Best Farm","3","Cleaning Up"
"The Best Farm","3","Cleaning Up"
"The Best Farm","3","Cleaning Up"
"The Best Farm","3","Cleaning Up"
"The Best Farm","3","Cleaning Up"
"The Best Farm","3","Cleaning Up"
"The Best Farm","3","Cleaning Up"
"The Best Farm","3","Cleaning Up"
"The Best Farm","3","Cleaning Up"
"The Best Farm","3","Cleaning Up"
"The Best Farm","3","Cleaning Up"
"The Best Farm","3","Cleaning Up"
"The Best Farm","3","Cleaning Up"
"The Best Farm","3","Cleaning Up"
"The Best Farm","3","Cleaning Up"
"The Best Farm","3","Cleaning Up"
"The Best Farm","3","Cleaning Up"
"The Best Farm","3","Cleaning Up"
"The Best Farm","3","Cleaning Up"
"The Best Farm","3","Cleaning Up"
"The Best Farm","3","Cleaning Up"
"The Best Farm","3","Cleaning Up"
"The Best Farm","3","Cleaning Up"
"The Best Farm","3","Cleaning Up"
"The Best Farm","3","Cleaning Up"
"The Best Farm","3","Cleaning Up"
"The Best Farm","3","Cleaning Up"
"The Best Farm","3","Cleaning Up"
"The Best Farm","3","Cleaning Up"
"The Best Farm","3","Cleaning Up"
"The Best Farm","3","Cleaning Up"
"The Best Farm","3","Cleaning Up"
"The Best Farm","3","Cleaning Up"
"The Best Farm","3","Cleaning Up"
"The Best Farm","3","Cleaning Up"
"The Best Farm","3","Cleaning Up"
"The Best Farm","3","Cleaning Up"
"The Best Farm","3","Cleaning Up"
"The Best Farm","3","Cleaning Up"
"The Best Farm","3","Cleaning Up"
"The Best Farm","3","Cleaning Up"
"The Best Farm","3","Cleaning Up"
"The Best Farm","3","Cleaning Up"
"The Best Farm","3","Cleaning Up"
"The Best Farm","3","Cleaning Up"
"The Best Farm","3","Cleaning Up"
"The Best Farm","3","Cleaning Up"
"The Best Farm","3","Cleaning Up"
"The Best Farm","3","Cleaning Up"
"The Best Farm","3","Cleaning Up"
"The Best Farm","3","Cleaning Up"
"The Best Farm","3","Cleaning Up"
"The Best Farm","3","Cleaning Up"
"The Best Farm","3","Cleaning Up"
"The Best Farm","3","Cleaning Up"
"The Best Farm","3","Cleaning Up"
"The Best Farm","3","Cleaning Up"
"The Best Farm","3","Cleaning Up"
"The Best Farm","3","Cleaning Up"
"The Best Farm","3","Cleaning Up"
"The Best Farm","3","Cleaning Up"
"The Best Farm","3","Cleaning Up"
"The Best Farm","3","Cleaning Up"
"The Best Farm","3","Cleaning Up"
"The Best Farm","3","Cleaning Up"
"The Best Farm","3","Cleaning Up"
"The Best Farm","3","Cleaning Up"
"The Best Farm","3","Cleaning Up"
"The Best Farm","3","Cleaning Up"
"The Best Farm","3","Cleaning Up"
"The Best Farm","3","Cleaning Up"
"The Best Farm","3","Cleaning Up"
"The Best Farm","3","Cleaning Up"
"The Best Farm","3","Cleaning Up"
"The Best Farm","3","Cleaning Up"
"The Best Farm","3","Cleaning Up"
"The Best Farm","3","Cleaning Up"
"The Best Farm","3","Cleaning Up"
"The Best Farm","3","Cleaning Up"
"The Best Farm","3","Cleaning Up"
"The Best Farm","3","Cleaning Up"
"The Best Farm","3","Cleaning Up"
"The Best Farm","3","Cleaning Up"
"The Best Farm","3","Cleaning Up"
"The Best Farm","3","Cleaning Up"
"The Best Farm","3","Cleaning Up"
"The Best Farm","3","Cleaning Up"
"The Best Farm","3","Cleaning Up"
"The Best Farm","3","Cleaning Up"
"The Best Farm","3","Cleaning Up"
"The Best Farm","3","Cleaning Up"
"The Best Farm","3","Cleaning Up"
"The Best Farm","3","Cleaning Up"
"The Best Farm","3","Cleaning Up"
"The Best Farm","3","Cleaning Up"
"The Best Farm","3","Cleaning Up"
"The Best Farm","3","Cleaning Up"
"The Best Farm","3","Cleaning Up"
"The Best Farm","3","Cleaning Up"
"The Best Farm","3","Cleaning Up"
"The Best Farm","3","Cleaning Up"
"The Best Farm","3","Cleaning Up"
"The Best Farm","3","Cleaning Up"
"The Best Farm","3","Cleaning Up"
"The Best Farm","3","Cleaning Up"
"The Best Farm","3","Cleaning Up"
"The Best Farm","3","Cleaning Up"
"The Best Farm","3","Cleaning Up"
"The Best Farm","3","Cleaning Up"
"The Best Farm","3","Cleaning Up"
"The Best Farm","3","Cleaning Up"
"The Best Farm","3","Cleaning Up"
"The Best Farm","3","Cleaning Up"
"The Best Farm","3","Cleaning Up"
"The Best Farm","3","Cleaning Up"
"The Best Farm","3","Cleaning Up"
"The Best Farm","3","Cleaning Up"
"The Best Farm","3","Cleaning Up"
"The Best Farm","3","Cleaning Up"
"The Best Farm","3","Cleaning Up"
"The Best Farm","3","Cleaning Up"
"The Best Farm","3","Cleaning Up"
"The Best Farm","3","Cleaning Up"
"The Best Farm","3","Cleaning Up"
"The Best Farm","3","Cleaning Up"
"The Best Farm","3","Cleaning Up"
"The Best Farm","3","Cleaning Up"
"The Best Farm","3","Cleaning Up"
"The Best Farm","3","Cleaning Up"
"The Best Farm","3","Cleaning Up"
"The Best Farm","3","Cleaning Up"
"The Best Farm","3","Cleaning Up"
"The Best Farm","3","Cleaning Up"
"The Best Farm","3","Cleaning Up"
"The Best Farm","3","Cleaning Up"
"The Best Farm","3","Cleaning Up"
"The Best Farm","3","Cleaning Up"
"The Best Farm","3","Cleaning Up"
"The Best Farm","3","Cleaning Up"
"The Best Farm","3","Cleaning Up"
"The Best Farm","3","Cleaning Up"
"The Best Farm","3","Cleaning Up"
"","0",""
"","0",""
"","0",""
"","0",""
"The Best Farm","4","Who is the Best Animal?"
"The Best Farm","4","Who is the Best Animal?"
"The Best Farm","4","Who is the Best Animal?"
"The Best Farm","4","Who is the Best Animal?"
"The Best Farm","4","Who is the Best Animal?"
"The Best Farm","4","Who is the Best Animal?"
"The Best Farm","4","Who is the Best Animal?"
"The Best Farm","4","Who is the Best Animal?"
"The Best Farm","4","Who is the Best Animal?"
"The Best Farm","4","Who is the Best Animal?"
"The Best Farm","4","Who is the Best Animal?"
"The Best Farm","4","Who is the Best Animal?"
"The Best Farm","4","Who is the Best Animal?"
"The Best Farm","4","Who is the Best Animal?"
"The Best Farm","4","Who is the Best Animal?"
"The Best Farm","4","Who is the Best Animal?"
"The Best Farm","4","Who is the Best Animal?"
"The Best Farm","4","Who is the Best Animal?"
"The Best Farm","4","Who is the Best Animal?"
"The Best Farm","4","Who is the Best Animal?"
"The Best Farm","4","Who is the Best Animal?"
"The Best Farm","4","Who is the Best Animal?"
"The Best Farm","4","Who is the Best Animal?"
"The Best Farm","4","Who is the Best Animal?"
"The Best Farm","4","Who is the Best Animal?"
"The Best Farm","4","Who is the Best Animal?"
"The Best Farm","4","Who is the Best Animal?"
"The Best Farm","4","Who is the Best Animal?"
"The Best Farm","4","Who is the Best Animal?"
"The Best Farm","4","Who is the Best Animal?"
"The Best Farm","4","Who is the Best Animal?"
"The Best Farm","4","Who is the Best Animal?"
"The Best Farm","4","Who is the Best Animal?"
"The Best Farm","4","Who is the Best Animal?"
"The Best Farm","4","Who is the Best Animal?"
"The Best Farm","4","Who is the Best Animal?"
"The Best Farm","4","Who is the Best Animal?"
"The Best Farm","4","Who is the Best Animal?"
"The Best Farm","4","Who is the Best Animal?"
"The Best Farm","4","Who is the Best Animal?"
"The Best Farm","4","Who is the Best Animal?"
"The Best Farm","4","Who is the Best Animal?"
"The Best Farm","4","Who is the Best Animal?"
"The Best Farm","4","Who is the Best Animal?"
"The Best Farm","4","Who is the Best Animal?"
"The Best Farm","4","Who is the Best Animal?"
"The Best Farm","4","Who is the Best Animal?"
"The Best Farm","4","Who is the Best Animal?"
"The Best Farm","4","Who is the Best Animal?"
"The Best Farm","4","Who is the Best Animal?"
"The Best Farm","4","Who is the Best Animal?"
"The Best Farm","4","Who is the Best Animal?"
"The Best Farm","4","Who is the Best Animal?"
"The Best Farm","4","Who is the Best Animal?"
"The Best Farm","4","Who is the Best Animal?"
"The Best Farm","4","Who is the Best Animal?"
"The Best Farm","4","Who is the Best Animal?"
"The Best Farm","4","Who is the Best Animal?"
"The Best Farm","4","Who is the Best Animal?"
"The Best Farm","4","Who is the Best Animal?"
"The Best Farm","4","Who is the Best Animal?"
"The Best Farm","4","Who is the Best Animal?"
"The Best Farm","4","Who is the Best Animal?"
"The Best Farm","4","Who is the Best Animal?"
"The Best Farm","4","Who is the Best Animal?"
"The Best Farm","4","Who is the Best Animal?"
"The Best Farm","4","Who is the Best Animal?"
"The Best Farm","4","Who is the Best Animal?"
"The Best Farm","4","Who is the Best Animal?"
"The Best Farm","4","Who is the Best Animal?"
"The Best Farm","4","Who is the Best Animal?"
"The Best Farm","4","Who is the Best Animal?"
"The Best Farm","4","Who is the Best Animal?"
"The Best Farm","4","Who is the Best Animal?"
"The Best Farm","4","Who is the Best Animal?"
"The Best Farm","4","Who is the Best Animal?"
"The Best Farm","4","Who is the Best Animal?"
"The Best Farm","4","Who is the Best Animal?"
"The Best Farm","4","Who is the Best Animal?"
"The Best Farm","4","Who is the Best Animal?"
"The Best Farm","4","Who is the Best Animal?"
"The Best Farm","4","Who is the Best Animal?"
"The Best Farm","4","Who is the Best Animal?"
"The Best Farm","4","Who is the Best Animal?"
"The Best Farm","4","Who is the Best Animal?"
"The Best Farm","4","Who is the Best Animal?"
"The Best Farm","4","Who is the Best Animal?"
"The Best Farm","4","Who is the Best Animal?"
"The Best Farm","4","Who is the Best Animal?"
"The Best Farm","4","Who is the Best Animal?"
"The Best Farm","4","Who is the Best Animal?"
"The Best Farm","4","Who is the Best Animal?"
"The Best Farm","4","Who is the Best Animal?"
"The Best Farm","4","Who is the Best Animal?"
"The Best Farm","4","Who is the Best Animal?"
"The Best Farm","4","Who is the Best Animal?"
"The Best Farm","4","Who is the Best Animal?"
"The Best Farm","4","Who is the Best Animal?"
"The Best Farm","4","Who is the Best Animal?"
"The Best Farm","4","Who is the Best Animal?"
"The Best Farm","4","Who is the Best Animal?"
"The Best Farm","4","Who is the Best Animal?"
"The Best Farm","4","Who is the Best Animal?"
"The Best Farm","4","Who is the Best Animal?"
"The Best Farm","4","Who is the Best Animal?"
"The Best Farm","4","Who is the Best Animal?"
"The Best Farm","4","Who is the Best Animal?"
"The Best Farm","4","Who is the Best Animal?"
"The Best Farm","4","Who is the Best Animal?"
"The Best Farm","4","Who is the Best Animal?"
"The Best Farm","4","Who is the Best Animal?"
"The Best Farm","4","Who is the Best Animal?"
"The Best Farm","4","Who is the Best Animal?"
"The Best Farm","4","Who is the Best Animal?"
"The Best Farm","4","Who is the Best Animal?"
"The Best Farm","4","Who is the Best Animal?"
"The Best Farm","4","Who is the Best Animal?"
"The Best Farm","4","Who is the Best Animal?"
"The Best Farm","4","Who is the Best Animal?"
"The Best Farm","4","Who is the Best Animal?"
"The Best Farm","4","Who is the Best Animal?"
"The Best Farm","4","Who is the Best Animal?"
"The Best Farm","4","Who is the Best Animal?"
"The Best Farm","4","Who is the Best Animal?"
"The Best Farm","4","Who is the Best Animal?"
"The Best Farm","4","Who is the Best Animal?"
"The Best Farm","4","Who is the Best Animal?"
"The Best Farm","4","Who is the Best Animal?"
"The Best Farm","4","Who is the Best Animal?"
"The Best Farm","4","Who is the Best Animal?"
"The Best Farm","4","Who is the Best Animal?"
"The Best Farm","4","Who is the Best Animal?"
"The Best Farm","4","Who is the Best Animal?"
"The Best Farm","4","Who is the Best Animal?"
"The Best Farm","4","Who is the Best Animal?"
"The Best Farm","4","Who is the Best Animal?"
"The Best Farm","4","Who is the Best Animal?"
"The Best Farm","4","Who is the Best Animal?"
"The Best Farm","4","Who is the Best Animal?"
"The Best Farm","4","Who is the Best Animal?"
"The Best Farm","4","Who is the Best Animal?"
"The Best Farm","4","Who is the Best Animal?"
"The Best Farm","4","Who is the Best Animal?"
"The Best Farm","4","Who is the Best Animal?"
"The Best Farm","4","Who is the Best Animal?"
"The Best Farm","4","Who is the Best Animal?"
"The Best Farm","4","Who is the Best Animal?"
"The Best Farm","4","Who is the Best Animal?"
"The Best Farm","4","Who is the Best Animal?"
"The Best Farm","4","Who is the Best Animal?"
"The Best Farm","4","Who is the Best Animal?"
"The Best Farm","4","Who is the Best Animal?"
"The Best Farm","4","Who is the Best Animal?"
"The Best Farm","4","Who is the Best Animal?"
"The Best Farm","4","Who is the Best Animal?"
"The Best Farm","4","Who is the Best Animal?"
"The Best Farm","4","Who is the Best Animal?"
"The Best Farm","4","Who is the Best Animal?"
"The Best Farm","4","Who is the Best Animal?"
"The Best Farm","4","Who is the Best Animal?"
"The Best Farm","4","Who is the Best Animal?"
"The Best Farm","4","Who is the Best Animal?"
"The Best Farm","4","Who is the Best Animal?"
"The Best Farm","4","Who is the Best Animal?"
"The Best Farm","4","Who is the Best Animal?"
"The Best Farm","4","Who is the Best Animal?"
"The Best Farm","4","Who is the Best Animal?"
"The Best Farm","4","Who is the Best Animal?"
"The Best Farm","4","Who is the Best Animal?"
"The Best Farm","4","Who is the Best Animal?"
"The Best Farm","4","Who is the Best Animal?"
"The Best Farm","4","Who is the Best Animal?"
"The Best Farm","4","Who is the Best Animal?"
"The Best Farm","4","Who is the Best Animal?"
"The Best Farm","4","Who is the Best Animal?"
"The Best Farm","4","Who is the Best Animal?"
"The Best Farm","4","Who is the Best Animal?"
"The Best Farm","4","Who is the Best Animal?"
"The Best Farm","4","Who is the Best Animal?"
"The Best Farm","4","Who is the Best Animal?"
"The Best Farm","4","Who is the Best Animal?"
"The Best Farm","4","Who is the Best Animal?"
"The Best Farm","4","Who is the Best Animal?"
"The Best Farm","4","Who is the Best Animal?"
"The Best Farm","4","Who is the Best Animal?"
"The Best Farm","4","Who is the Best Animal?"
"The Best Farm","4","Who is the Best Animal?"
"The Best Farm","4","Who is the Best Animal?"
"The Best Farm","4","Who is the Best Animal?"
"The Best Farm","4","Who is the Best Animal?"
"The Best Farm","4","Who is the Best Animal?"
"The Best Farm","4","Who is the Best Animal?"
"The Best Farm","4","Who is the Best Animal?"
"The Best Farm","4","Who is the Best Animal?"
"The Best Farm","4","Who is the Best Animal?"
"The Best Farm","4","Who is the Best Animal?"
"The Best Farm","4","Who is the Best Animal?"
"The Best Farm","4","Who is the Best Animal?"
"The Best Farm","4","Who is the Best Animal?"
"The Best Farm","4","Who is the Best Animal?"
"The Best Farm","4","Who is the Best Animal?"
"The Best Farm","4","Who is the Best Animal?"
"The Best Farm","4","Who is the Best Animal?"
"The Best Farm","4","Who is the Best Animal?"
"The Best Farm","4","Who is the Best Animal?"
"The Best Farm","4","Who is the Best Animal?"
"The Best Farm","4","Who is the Best Animal?"
"The Best Farm","4","Who is the Best Animal?"
"The Best Farm","4","Who is the Best Animal?"
"The Best Farm","4","Who is the Best Animal?"
"The Best Farm","4","Who is the Best Animal?"
"The Best Farm","4","Who is the Best Animal?"
"The Best Farm","4","Who is the Best Animal?"
"The Best Farm","4","Who is the Best Animal?"
"The Best Farm","4","Who is the Best Animal?"
"The Best Farm","4","Who is the Best Animal?"
"The Best Farm","4","Who is the Best Animal?"
"The Best Farm","4","Who is the Best Animal?"
"The Best Farm","4","Who is the Best Animal?"
"The Best Farm","4","Who is the Best Animal?"
"The Best Farm","4","Who is the Best Animal?"
"The Best Farm","4","Who is the Best Animal?"
"The Best Farm","4","Who is the Best Animal?"
"The Best Farm","4","Who is the Best Animal?"
"The Best Farm","4","Who is the Best Animal?"
"The Best Farm","4","Who is the Best Animal?"
"The Best Farm","4","Who is the Best Animal?"
"The Best Farm","4","Who is the Best Animal?"
"The Best Farm","4","Who is the Best Animal?"
"The Best Farm","4","Who is the Best Animal?"
"The Best Farm","4","Who is the Best Animal?"
"The Best Farm","4","Who is the Best Animal?"
"The Best Farm","4","Who is the Best Animal?"
"The Best Farm","4","Who is the Best Animal?"
"The Best Farm","4","Who is the Best Animal?"
"The Best Farm","4","Who is the Best Animal?"
"The Best Farm","4","Who is the Best Animal?"
"The Best Farm","4","Who is the Best Animal?"
"The Best Farm","4","Who is the Best Animal?"
"The Best Farm","4","Who is the Best Animal?"
"The Best Farm","4","Who is the Best Animal?"
"The Best Farm","4","Who is the Best Animal?"
"The Best Farm","4","Who is the Best Animal?"
"The Best Farm","4","Who is the Best Animal?"
"The Best Farm","4","Who is the Best Animal?"
"The Best Farm","4","Who is the Best Animal?"
"The Best Farm","4","Who is the Best Animal?"
"The Best Farm","4","Who is the Best Animal?"
"The Best Farm","4","Who is the Best Animal?"
"The Best Farm","4","Who is the Best Animal?"
"The Best Farm","4","Who is the Best Animal?"
"The Best Farm","4","Who is the Best Animal?"
"The Best Farm","4","Who is the Best Animal?"
"The Best Farm","4","Who is the Best Animal?"
"The Best Farm","4","Who is the Best Animal?"
"The Best Farm","4","Who is the Best Animal?"
"The Best Farm","4","Who is the Best Animal?"
"The Best Farm","4","Who is the Best Animal?"
"The Best Farm","4","Who is the Best Animal?"
"The Best Farm","4","Who is the Best Animal?"
"The Best Farm","4","Who is the Best Animal?"
"The Best Farm","4","Who is the Best Animal?"
"The Best Farm","4","Who is the Best Animal?"
"The Best Farm","4","Who is the Best Animal?"
"The Best Farm","4","Who is the Best Animal?"
"The Best Farm","4","Who is the Best Animal?"
"The Best Farm","4","Who is the Best Animal?"
"The Best Farm","4","Who is the Best Animal?"
"The Best Farm","4","Who is the Best Animal?"
"The Best Farm","4","Who is the Best Animal?"
"The Best Farm","4","Who is the Best Animal?"
"The Best Farm","4","Who is the Best Animal?"
"The Best Farm","4","Who is the Best Animal?"
"The Best Farm","4","Who is the Best Animal?"
"The Best Farm","4","Who is the Best Animal?"
"The Best Farm","4","Who is the Best Animal?"
"The Best Farm","4","Who is the Best Animal?"
"The Best Farm","4","Who is the Best Animal?"
"The Best Farm","4","Who is the Best Animal?"
"The Best Farm","4","Who is the Best Animal?"
"The Best Farm","4","Who is the Best Animal?"
"The Best Farm","4","Who is the Best Animal?"
"The Best Farm","4","Who is the Best Animal?"
"The Best Farm","4","Who is the Best Animal?"
"The Best Farm","4","Who is the Best Animal?"
"The Best Farm","4","Who is the Best Animal?"
"The Best Farm","4","Who is the Best Animal?"
"","0",""
"","0",""
"","0",""
"","0",""
"The Best Farm","5","The Wise Owl"
"The Best Farm","5","The Wise Owl"
"The Best Farm","5","The Wise Owl"
"The Best Farm","5","The Wise Owl"
"The Best Farm","5","The Wise Owl"
"The Best Farm","5","The Wise Owl"
"The Best Farm","5","The Wise Owl"
"The Best Farm","5","The Wise Owl"
"The Best Farm","5","The Wise Owl"
"The Best Farm","5","The Wise Owl"
"The Best Farm","5","The Wise Owl"
"The Best Farm","5","The Wise Owl"
"The Best Farm","5","The Wise Owl"
"The Best Farm","5","The Wise Owl"
"The Best Farm","5","The Wise Owl"
"The Best Farm","5","The Wise Owl"
"The Best Farm","5","The Wise Owl"
"The Best Farm","5","The Wise Owl"
"The Best Farm","5","The Wise Owl"
"The Best Farm","5","The Wise Owl"
"The Best Farm","5","The Wise Owl"
"The Best Farm","5","The Wise Owl"
"The Best Farm","5","The Wise Owl"
"The Best Farm","5","The Wise Owl"
"The Best Farm","5","The Wise Owl"
"The Best Farm","5","The Wise Owl"
"The Best Farm","5","The Wise Owl"
"The Best Farm","5","The Wise Owl"
"The Best Farm","5","The Wise Owl"
"The Best Farm","5","The Wise Owl"
"The Best Farm","5","The Wise Owl"
"The Best Farm","5","The Wise Owl"
"The Best Farm","5","The Wise Owl"
"The Best Farm","5","The Wise Owl"
"The Best Farm","5","The Wise Owl"
"The Best Farm","5","The Wise Owl"
"The Best Farm","5","The Wise Owl"
"The Best Farm","5","The Wise Owl"
"The Best Farm","5","The Wise Owl"
"The Best Farm","5","The Wise Owl"
"The Best Farm","5","The Wise Owl"
"The Best Farm","5","The Wise Owl"
"The Best Farm","5","The Wise Owl"
"The Best Farm","5","The Wise Owl"
"The Best Farm","5","The Wise Owl"
"The Best Farm","5","The Wise Owl"
"The Best Farm","5","The Wise Owl"
"The Best Farm","5","The Wise Owl"
"The Best Farm","5","The Wise Owl"
"The Best Farm","5","The Wise Owl"
"The Best Farm","5","The Wise Owl"
"The Best Farm","5","The Wise Owl"
"The Best Farm","5","The Wise Owl"
"The Best Farm","5","The Wise Owl"
"The Best Farm","5","The Wise Owl"
"The Best Farm","5","The Wise Owl"
"The Best Farm","5","The Wise Owl"
"The Best Farm","5","The Wise Owl"
"The Best Farm","5","The Wise Owl"
"The Best Farm","5","The Wise Owl"
"The Best Farm","5","The Wise Owl"
"The Best Farm","5","The Wise Owl"
"The Best Farm","5","The Wise Owl"
"The Best Farm","5","The Wise Owl"
"The Best Farm","5","The Wise Owl"
"The Best Farm","5","The Wise Owl"
"The Best Farm","5","The Wise Owl"
"The Best Farm","5","The Wise Owl"
"The Best Farm","5","The Wise Owl"
"The Best Farm","5","The Wise Owl"
"The Best Farm","5","The Wise Owl"
"The Best Farm","5","The Wise Owl"
"The Best Farm","5","The Wise Owl"
"The Best Farm","5","The Wise Owl"
"The Best Farm","5","The Wise Owl"
"The Best Farm","5","The Wise Owl"
"The Best Farm","5","The Wise Owl"
"The Best Farm","5","The Wise Owl"
"The Best Farm","5","The Wise Owl"
"The Best Farm","5","The Wise Owl"
"The Best Farm","5","The Wise Owl"
"The Best Farm","5","The Wise Owl"
"The Best Farm","5","The Wise Owl"
"The Best Farm","5","The Wise Owl"
"The Best Farm","5","The Wise Owl"
"The Best Farm","5","The Wise Owl"
"The Best Farm","5","The Wise Owl"
"The Best Farm","5","The Wise Owl"
"The Best Farm","5","The Wise Owl"
"The Best Farm","5","The Wise Owl"
"The Best Farm","5","The Wise Owl"
"The Best Farm","5","The Wise Owl"
"The Best Farm","5","The Wise Owl"
"The Best Farm","5","The Wise Owl"
"The Best Farm","5","The Wise Owl"
"The Best Farm","5","The Wise Owl"
"The Best Farm","5","The Wise Owl"
"The Best Farm","5","The Wise Owl"
"The Best Farm","5","The Wise Owl"
"The Best Farm","5","The Wise Owl"
"The Best Farm","5","The Wise Owl"
"The Best Farm","5","The Wise Owl"
"The Best Farm","5","The Wise Owl"
"The Best Farm","5","The Wise Owl"
"The Best Farm","5","The Wise Owl"
"The Best Farm","5","The Wise Owl"
"The Best Farm","5","The Wise Owl"
"The Best Farm","5","The Wise Owl"
"The Best Farm","5","The Wise Owl"
"","0",""
"","0",""
"","0",""
"","0",""
"The Best Farm","5","The Wise Owl"
"The Best Farm","5","The Wise Owl"
"The Best Farm","5","The Wise Owl"
"The Best Farm","5","The Wise Owl"
"The Best Farm","5","The Wise Owl"
"The Best Farm","5","The Wise Owl"
"The Best Farm","5","The Wise Owl"
"The Best Farm","5","The Wise Owl"
"The Best Farm","5","The Wise Owl"
"The Best Farm","5","The Wise Owl"
"The Best Farm","5","The Wise Owl"
"The Best Farm","5","The Wise Owl"
"The Best Farm","5","The Wise Owl"
"The Best Farm","5","The Wise Owl"
"The Best Farm","5","The Wise Owl"
"The Best Farm","5","The Wise Owl"
"The Best Farm","5","The Wise Owl"
"The Best Farm","5","The Wise Owl"
"The Best Farm","5","The Wise Owl"
"The Best Farm","5","The Wise Owl"
"The Best Farm","5","The Wise Owl"
"The Best Farm","5","The Wise Owl"
"The Best Farm","5","The Wise Owl"
"The Best Farm","5","The Wise Owl"
"The Best Farm","5","The Wise Owl"
"The Best Farm","5","The Wise Owl"
"The Best Farm","5","The Wise Owl"
"The Best Farm","5","The Wise Owl"
"The Best Farm","5","The Wise Owl"
"The Best Farm","5","The Wise Owl"
"The Best Farm","5","The Wise Owl"
"The Best Farm","5","The Wise Owl"
"The Best Farm","5","The Wise Owl"
"The Best Farm","5","The Wise Owl"
"The Best Farm","5","The Wise Owl"
"The Best Farm","5","The Wise Owl"
"The Best Farm","5","The Wise Owl"
"The Best Farm","5","The Wise Owl"
"The Best Farm","5","The Wise Owl"
"The Best Farm","5","The Wise Owl"
"The Best Farm","5","The Wise Owl"
"The Best Farm","5","The Wise Owl"
"The Best Farm","5","The Wise Owl"
"The Best Farm","5","The Wise Owl"
"The Best Farm","5","The Wise Owl"
"The Best Farm","5","The Wise Owl"
"The Best Farm","5","The Wise Owl"
"The Best Farm","5","The Wise Owl"
"The Best Farm","5","The Wise Owl"
"The Best Farm","5","The Wise Owl"
"The Best Farm","5","The Wise Owl"
"The Best Farm","5","The Wise Owl"
"The Best Farm","5","The Wise Owl"
"The Best Farm","5","The Wise Owl"
"The Best Farm","5","The Wise Owl"
"The Best Farm","5","The Wise Owl"
"The Best Farm","5","The Wise Owl"
"The Best Farm","5","The Wise Owl"
"The Best Farm","5","The Wise Owl"
"The Best Farm","5","The Wise Owl"
"The Best Farm","5","The Wise Owl"
"The Best Farm","5","The Wise Owl"
"The Best Farm","5","The Wise Owl"
"The Best Farm","5","The Wise Owl"
"The Best Farm","5","The Wise Owl"
"The Best Farm","5","The Wise Owl"
"The Best Farm","5","The Wise Owl"
"The Best Farm","5","The Wise Owl"
"The Best Farm","5","The Wise Owl"
"The Best Farm","5","The Wise Owl"
"The Best Farm","5","The Wise Owl"
"The Best Farm","5","The Wise Owl"
"The Best Farm","5","The Wise Owl"
"The Best Farm","5","The Wise Owl"
"The Best Farm","5","The Wise Owl"
"The Best Farm","5","The Wise Owl"
"The Best Farm","5","The Wise Owl"
"The Best Farm","5","The Wise Owl"
"The Best Farm","5","The Wise Owl"
"The Best Farm","5","The Wise Owl"
"The Best Farm","5","The Wise Owl"
"The Best Farm","5","The Wise Owl"
"The Best Farm","5","The Wise Owl"
"The Best Farm","5","The Wise Owl"
"The Best Farm","5","The Wise Owl"
"The Best Farm","5","The Wise Owl"
"The Best Farm","5","The Wise Owl"
"The Best Farm","5","The Wise Owl"
"The Best Farm","5","The Wise Owl"
"The Best Farm","5","The Wise Owl"
"The Best Farm","5","The Wise Owl"
"The Best Farm","5","The Wise Owl"
"The Best Farm","5","The Wise Owl"
"The Best Farm","5","The Wise Owl"
"The Best Farm","5","The Wise Owl"
"The Best Farm","5","The Wise Owl"
"The Best Farm","5","The Wise Owl"
"The Best Farm","5","The Wise Owl"
"The Best Farm","5","The Wise Owl"
"The Best Farm","5","The Wise Owl"
"The Best Farm","5","The Wise Owl"
"The Best Farm","5","The Wise Owl"
"The Best Farm","5","The Wise Owl"
"The Best Farm","5","The Wise Owl"
"The Best Farm","5","The Wise Owl"
"The Best Farm","5","The Wise Owl"
"The Best Farm","5","The Wise Owl"
"The Best Farm","5","The Wise Owl"
"The Best Farm","5","The Wise Owl"
"The Best Farm","5","The Wise Owl"
"The Best Farm","5","The Wise Owl"
"The Best Farm","5","The Wise Owl"
"The Best Farm","5","The Wise Owl"
"The Best Farm","5","The Wise Owl"
"The Best Farm","5","The Wise Owl"
"The Best Farm","5","The Wise Owl"
"The Best Farm","5","The Wise Owl"
"The Best Farm","5","The Wise Owl"
"The Best Farm","5","The Wise Owl"
"The Best Farm","5","The Wise Owl"
"The Best Farm","5","The Wise Owl"
"The Best Farm","5","The Wise Owl"
"The Best Farm","5","The Wise Owl"
"The Best Farm","5","The Wise Owl"
"The Best Farm","5","The Wise Owl"
"The Best Farm","5","The Wise Owl"
"The Best Farm","5","The Wise Owl"
"The Best Farm","5","The Wise Owl"
"The Best Farm","5","The Wise Owl"
"The Best Farm","5","The Wise Owl"
"The Best Farm","5","The Wise Owl"
"The Best Farm","5","The Wise Owl"
"The Best Farm","5","The Wise Owl"
"The Best Farm","5","The Wise Owl"
"The Best Farm","5","The Wise Owl"
"The Best Farm","5","The Wise Owl"
"The Best Farm","5","The Wise Owl"
"The Best Farm","5","The Wise Owl"
"The Best Farm","5","The Wise Owl"
"The Best Farm","5","The Wise Owl"
"The Best Farm","5","The Wise Owl"
"The Best Farm","5","The Wise Owl"
"The Best Farm","5","The Wise Owl"
"The Best Farm","5","The Wise Owl"
"The Best Farm","5","The Wise Owl"
"The Best Farm","5","The Wise Owl"
"The Best Farm","5","The Wise Owl"
"The Best Farm","5","The Wise Owl"
"The Best Farm","5","The Wise Owl"
"The Best Farm","5","The Wise Owl"
"The Best Farm","5","The Wise Owl"
"The Best Farm","5","The Wise Owl"
"The Best Farm","5","The Wise Owl"
"The Best Farm","5","The Wise Owl"
"The Best Farm","5","The Wise Owl"
"The Best Farm","5","The Wise Owl"
"The Best Farm","5","The Wise Owl"
"The Best Farm","5","The Wise Owl"
"The Best Farm","5","The Wise Owl"
"The Best Farm","5","The Wise Owl"
"The Best Farm","5","The Wise Owl"
"The Best Farm","5","The Wise Owl"
"The Best Farm","5","The Wise Owl"
"The Best Farm","5","The Wise Owl"
"The Best Farm","5","The Wise Owl"
"The Best Farm","5","The Wise Owl"
"The Best Farm","5","The Wise Owl"
"The Best Farm","5","The Wise Owl"
"The Best Farm","5","The Wise Owl"
"The Best Farm","5","The Wise Owl"
"The Best Farm","5","The Wise Owl"
"The Best Farm","5","The Wise Owl"
"The Best Farm","5","The Wise Owl"
"The Best Farm","5","The Wise Owl"
"The Best Farm","5","The Wise Owl"
"The Best Farm","5","The Wise Owl"
"The Best Farm","5","The Wise Owl"
"The Best Farm","5","The Wise Owl"
"The Best Farm","5","The Wise Owl"
"The Best Farm","5","The Wise Owl"
"The Best Farm","5","The Wise Owl"
"The Best Farm","5","The Wise Owl"
"The Best Farm","5","The Wise Owl"
"The Best Farm","5","The Wise Owl"
"The Best Farm","5","The Wise Owl"
"The Best Farm","5","The Wise Owl"
"The Best Farm","5","The Wise Owl"
"The Best Farm","5","The Wise Owl"
"The Best Farm","5","The Wise Owl"
"The Best Farm","5","The Wise Owl"
"The Best Farm","5","The Wise Owl"
"The Best Farm","5","The Wise Owl"
"The Best Farm","5","The Wise Owl"
"The Best Farm","5","The Wise Owl"
"The Best Farm","5","The Wise Owl"
"The Best Farm","5","The Wise Owl"
"The Best Farm","5","The Wise Owl"
"The Best Farm","5","The Wise Owl"
"The Best Farm","5","The Wise Owl"
"The Best Farm","5","The Wise Owl"
"The Best Farm","5","The Wise Owl"
"The Best Farm","5","The Wise Owl"
"The Best Farm","5","The Wise Owl"
"The Best Farm","5","The Wise Owl"
"The Best Farm","5","The Wise Owl"
"The Best Farm","5","The Wise Owl"
"The Best Farm","5","The Wise Owl"
"The Best Farm","5","The Wise Owl"
"The Best Farm","5","The Wise Owl"
"The Best Farm","5","The Wise Owl"
"The Best Farm","5","The Wise Owl"
"The Best Farm","5","The Wise Owl"
"The Best Farm","5","The Wise Owl"
"The Best Farm","5","The Wise Owl"
"The Best Farm","5","The Wise Owl"
"The Best Farm","5","The Wise Owl"
"The Best Farm","5","The Wise Owl"
"The Best Farm","5","The Wise Owl"
"The Best Farm","5","The Wise Owl"
"The Best Farm","5","The Wise Owl"
"The Best Farm","5","The Wise Owl"
"The Best Farm","5","The Wise Owl"
"The Best Farm","5","The Wise Owl"
"The Best Farm","5","The Wise Owl"
"The Best Farm","5","The Wise Owl"
"The Best Farm","5","The Wise Owl"
"The Best Farm","5","The Wise Owl"
"The Best Farm","5","The Wise Owl"
"The Best Farm","5","The Wise Owl"
"The Best Farm","5","The Wise Owl"
"The Best Farm","5","The Wise Owl"
"The Best Farm","5","The Wise Owl"
"The Best Farm","5","The Wise Owl"
"The Best Farm","5","The Wise Owl"
"The Best Farm","5","The Wise Owl"
"The Best Farm","5","The Wise Owl"
"The Best Farm","5","The Wise Owl"
"The Best Farm","5","The Wise Owl"
"The Best Farm","5","The Wise Owl"
"The Best Farm","5","The Wise Owl"
"The Best Farm","5","The Wise Owl"
"The Best Farm","5","The Wise Owl"
"","0",""
"","0",""
"","0",""
"","0",""
"The Best Farm","6","Everyone Helps"
"The Best Farm","6","Everyone Helps"
"The Best Farm","6","Everyone Helps"
"The Best Farm","6","Everyone Helps"
"The Best Farm","6","Everyone Helps"
"The Best Farm","6","Everyone Helps"
"The Best Farm","6","Everyone Helps"
"The Best Farm","6","Everyone Helps"
"The Best Farm","6","Everyone Helps"
"The Best Farm","6","Everyone Helps"
"The Best Farm","6","Everyone Helps"
"The Best Farm","6","Everyone Helps"
"The Best Farm","6","Everyone Helps"
"The Best Farm","6","Everyone Helps"
"The Best Farm","6","Everyone Helps"
"The Best Farm","6","Everyone Helps"
"The Best Farm","6","Everyone Helps"
"The Best Farm","6","Everyone Helps"
"The Best Farm","6","Everyone Helps"
"The Best Farm","6","Everyone Helps"
"The Best Farm","6","Everyone Helps"
"The Best Farm","6","Everyone Helps"
"The Best Farm","6","Everyone Helps"
"The Best Farm","6","Everyone Helps"
"The Best Farm","6","Everyone Helps"
"The Best Farm","6","Everyone Helps"
"The Best Farm","6","Everyone Helps"
"The Best Farm","6","Everyone Helps"
"The Best Farm","6","Everyone Helps"
"The Best Farm","6","Everyone Helps"
"The Best Farm","6","Everyone Helps"
"The Best Farm","6","Everyone Helps"
"The Best Farm","6","Everyone Helps"
"The Best Farm","6","Everyone Helps"
"The Best Farm","6","Everyone Helps"
"The Best Farm","6","Everyone Helps"
"The Best Farm","6","Everyone Helps"
"The Best Farm","6","Everyone Helps"
"The Best Farm","6","Everyone Helps"
"The Best Farm","6","Everyone Helps"
"The Best Farm","6","Everyone Helps"
"The Best Farm","6","Everyone Helps"
"The Best Farm","6","Everyone Helps"
"The Best Farm","6","Everyone Helps"
"The Best Farm","6","Everyone Helps"
"The Best Farm","6","Everyone Helps"
"The Best Farm","6","Everyone Helps"
"The Best Farm","6","Everyone Helps"
"The Best Farm","6","Everyone Helps"
"The Best Farm","6","Everyone Helps"
"The Best Farm","6","Everyone Helps"
"The Best Farm","6","Everyone Helps"
"The Best Farm","6","Everyone Helps"
"The Best Farm","6","Everyone Helps"
"The Best Farm","6","Everyone Helps"
"The Best Farm","6","Everyone Helps"
"The Best Farm","6","Everyone Helps"
"The Best Farm","6","Everyone Helps"
"The Best Farm","6","Everyone Helps"
"The Best Farm","6","Everyone Helps"
"The Best Farm","6","Everyone Helps"
"The Best Farm","6","Everyone Helps"
"The Best Farm","6","Everyone Helps"
"The Best Farm","6","Everyone Helps"
"The Best Farm","6","Everyone Helps"
"The Best Farm","6","Everyone Helps"
"The Best Farm","6","Everyone Helps"
"The Best Farm","6","Everyone Helps"
"The Best Farm","6","Everyone Helps"
"The Best Farm","6","Everyone Helps"
"The Best Farm","6","Everyone Helps"
"The Best Farm","6","Everyone Helps"
"The Best Farm","6","Everyone Helps"
"The Best Farm","6","Everyone Helps"
"The Best Farm","6","Everyone Helps"
"The Best Farm","6","Everyone Helps"
"The Best Farm","6","Everyone Helps"
"The Best Farm","6","Everyone Helps"
"The Best Farm","6","Everyone Helps"
"The Best Farm","6","Everyone Helps"
"The Best Farm","6","Everyone Helps"
"The Best Farm","6","Everyone Helps"
"The Best Farm","6","Everyone Helps"
"The Best Farm","6","Everyone Helps"
"The Best Farm","6","Everyone Helps"
"The Best Farm","6","Everyone Helps"
"The Best Farm","6","Everyone Helps"
"The Best Farm","6","Everyone Helps"
"The Best Farm","6","Everyone Helps"
"The Best Farm","6","Everyone Helps"
"The Best Farm","6","Everyone Helps"
"The Best Farm","6","Everyone Helps"
"The Best Farm","6","Everyone Helps"
"The Best Farm","6","Everyone Helps"
"The Best Farm","6","Everyone Helps"
"The Best Farm","6","Everyone Helps"
"The Best Farm","6","Everyone Helps"
"The Best Farm","6","Everyone Helps"
"The Best Farm","6","Everyone Helps"
"The Best Farm","6","Everyone Helps"
"The Best Farm","6","Everyone Helps"
"The Best Farm","6","Everyone Helps"
"The Best Farm","6","Everyone Helps"
"The Best Farm","6","Everyone Helps"
"The Best Farm","6","Everyone Helps"
"The Best Farm","6","Everyone Helps"
"The Best Farm","6","Everyone Helps"
"The Best Farm","6","Everyone Helps"
"The Best Farm","6","Everyone Helps"
"The Best Farm","6","Everyone Helps"
"The Best Farm","6","Everyone Helps"
"The Best Farm","6","Everyone Helps"
"The Best Farm","6","Everyone Helps"
"The Best Farm","6","Everyone Helps"
"The Best Farm","6","Everyone Helps"
"The Best Farm","6","Everyone Helps"
"The Best Farm","6","Everyone Helps"
"The Best Farm","6","Everyone Helps"
"The Best Farm","6","Everyone Helps"
"The Best Farm","6","Everyone Helps"
"The Best Farm","6","Everyone Helps"
"The Best Farm","6","Everyone Helps"
"The Best Farm","6","Everyone Helps"
"The Best Farm","6","Everyone Helps"
"The Best Farm","6","Everyone Helps"
"The Best Farm","6","Everyone Helps"
"The Best Farm","6","Everyone Helps"
"The Best Farm","6","Everyone Helps"
"The Best Farm","6","Everyone Helps"
"The Best Farm","6","Everyone Helps"
"The Best Farm","6","Everyone Helps"
"The Best Farm","6","Everyone Helps"
"The Best Farm","6","Everyone Helps"
"The Best Farm","6","Everyone Helps"
"The Best Farm","6","Everyone Helps"
"The Best Farm","6","Everyone Helps"
"The Best Farm","6","Everyone Helps"
"The Best Farm","6","Everyone Helps"
"The Best Farm","6","Everyone Helps"
"The Best Farm","6","Everyone Helps"
"The Best Farm","6","Everyone Helps"
"The Best Farm","6","Everyone Helps"
"The Best Farm","6","Everyone Helps"
"The Best Farm","6","Everyone Helps"
"The Best Farm","6","Everyone Helps"
"The Best Farm","6","Everyone Helps"
"The Best Farm","6","Everyone Helps"
"The Best Farm","6","Everyone Helps"
"The Best Farm","6","Everyone Helps"
"The Best Farm","6","Everyone Helps"
"The Best Farm","6","Everyone Helps"
"The Best Farm","6","Everyone Helps"
"The Best Farm","6","Everyone Helps"
"The Best Farm","6","Everyone Helps"
"The Best Farm","6","Everyone Helps"
"The Best Farm","6","Everyone Helps"
"The Best Farm","6","Everyone Helps"
"The Best Farm","6","Everyone Helps"
"The Best Farm","6","Everyone Helps"
"The Best Farm","6","Everyone Helps"
"The Best Farm","6","Everyone Helps"
"The Best Farm","6","Everyone Helps"
"The Best Farm","6","Everyone Helps"
"The Best Farm","6","Everyone Helps"
"The Best Farm","6","Everyone Helps"
"The Best Farm","6","Everyone Helps"
"The Best Farm","6","Everyone Helps"
"The Best Farm","6","Everyone Helps"
"The Best Farm","6","Everyone Helps"
"The Best Farm","6","Everyone Helps"
"The Best Farm","6","Everyone Helps"
"The Best Farm","6","Everyone Helps"
"The Best Farm","6","Everyone Helps"
"The Best Farm","6","Everyone Helps"
"The Best Farm","6","Everyone Helps"
"The Best Farm","6","Everyone Helps"
"The Best Farm","6","Everyone Helps"
"The Best Farm","6","Everyone Helps"
"The Best Farm","6","Everyone Helps"
"The Best Farm","6","Everyone Helps"
"The Best Farm","6","Everyone Helps"
"The Best Farm","6","Everyone Helps"
"The Best Farm","6","Everyone Helps"
"The Best Farm","6","Everyone Helps"
"The Best Farm","6","Everyone Helps"
"The Best Farm","6","Everyone Helps"
"The Best Farm","6","Everyone Helps"
"The Best Farm","6","Everyone Helps"
"The Best Farm","6","Everyone Helps"
"The Best Farm","6","Everyone Helps"
"The Best Farm","6","Everyone Helps"
"The Best Farm","6","Everyone Helps"
"The Best Farm","6","Everyone Helps"
"The Best Farm","6","Everyone Helps"
"The Best Farm","6","Everyone Helps"
"The Best Farm","6","Everyone Helps"
"The Best Farm","6","Everyone Helps"
"The Best Farm","6","Everyone Helps"
"The Best Farm","6","Everyone Helps"
"The Best Farm","6","Everyone Helps"
"The Best Farm","6","Everyone Helps"
"The Best Farm","6","Everyone Helps"
"The Best Farm","6","Everyone Helps"
"The Best Farm","6","Everyone Helps"
"The Best Farm","6","Everyone Helps"
"The Best Farm","6","Everyone Helps"
"The Best Farm","6","Everyone Helps"
"The Best Farm","6","Everyone Helps"
"The Best Farm","6","Everyone Helps"
"The Best Farm","6","Everyone Helps"
"The Best Farm","6","Everyone Helps"
"The Best Farm","6","Everyone Helps"
"The Best Farm","6","Everyone Helps"
"The Best Farm","6","Everyone Helps"
"The Best Farm","6","Everyone Helps"
"The Best Farm","6","Everyone Helps"
"The Best Farm","6","Everyone Helps"
"The Best Farm","6","Everyone Helps"
"The Best Farm","6","Everyone Helps"
"The Best Farm","6","Everyone Helps"
"The Best Farm","6","Everyone Helps"
"The Best Farm","6","Everyone Helps"
"The Best Farm","6","Everyone Helps"
"The Best Farm","6","Everyone Helps"
"The Best Farm","6","Everyone Helps"
"The Best Farm","6","Everyone Helps"
"The Best Farm","6","Everyone Helps"
"The Best Farm","6","Everyone Helps"
"The Best Farm","6","Everyone Helps"
"The Best Farm","6","Everyone Helps"
"The Best Farm","6","Everyone Helps"
"The Best Farm","6","Everyone Helps"
"The Best Farm","6","Everyone Helps"
"The Best Farm","6","Everyone Helps"
"The Best Farm","6","Everyone Helps"
"The Best Farm","6","Everyone Helps"
"The Best Farm","6","Everyone Helps"
"The Best Farm","6","Everyone Helps"
"The Best Farm","6","Everyone Helps"
"The Best Farm","6","Everyone Helps"
"The Best Farm","6","Everyone Helps"
"The Best Farm","6","Everyone Helps"
"The Best Farm","6","Everyone Helps"
"The Best Farm","6","Everyone Helps"
"The Best Farm","6","Everyone Helps"
"The Best Farm","6","Everyone Helps"
"The Best Farm","6","Everyone Helps"
"The Best Farm","6","Everyone Helps"
"The Best Farm","6","Everyone Helps"
"The Best Farm","6","Everyone Helps"
"The Best Farm","6","Everyone Helps"
"The Best Farm","6","Everyone Helps"
"The Best Farm","6","Everyone Helps"
"The Best Farm","6","Everyone Helps"
"The Best Farm","6","Everyone Helps"
"The Best Farm","6","Everyone Helps"
"The Best Farm","6","Everyone Helps"
"The Best Farm","6","Everyone Helps"
"The Best Farm","6","Everyone Helps"
"The Best Farm","6","Everyone Helps"
"The Best Farm","6","Everyone Helps"
"The Best Farm","6","Everyone Helps"
"The Best Farm","6","Everyone Helps"
"The Best Farm","6","Everyone Helps"
"The Best Farm","6","Everyone Helps"
"The Best Farm","6","Everyone Helps"
"The Best Farm","6","Everyone Helps"
"The Best Farm","6","Everyone Helps"
"The Best Farm","6","Everyone Helps"
"The Best Farm","6","Everyone Helps"
"The Best Farm","6","Everyone Helps"
"The Best Farm","6","Everyone Helps"
"The Best Farm","6","Everyone Helps"
"The Best Farm","6","Everyone Helps"
"The Best Farm","6","Everyone Helps"
"The Best Farm","6","Everyone Helps"
"The Best Farm","6","Everyone Helps"
"The Best Farm","6","Everyone Helps"
"The Best Farm","6","Everyone Helps"
"The Best Farm","6","Everyone Helps"
"The Best Farm","6","Everyone Helps"
"The Best Farm","6","Everyone Helps"
"The Best Farm","6","Everyone Helps"
"The Best Farm","6","Everyone Helps"
"The Best Farm","6","Everyone Helps"
"The Best Farm","6","Everyone Helps"
"The Best Farm","6","Everyone Helps"
"The Best Farm","6","Everyone Helps"
"The Best Farm","6","Everyone Helps"
"The Best Farm","6","Everyone Helps"
"The Best Farm","6","Everyone Helps"
"The Best Farm","6","Everyone Helps"
"The Best Farm","6","Everyone Helps"
"The Best Farm","6","Everyone Helps"
"The Best Farm","6","Everyone Helps"
"The Best Farm","6","Everyone Helps"
"The Best Farm","6","Everyone Helps"
"The Best Farm","6","Everyone Helps"
"The Best Farm","6","Everyone Helps"
"The Best Farm","6","Everyone Helps"
"The Best Farm","6","Everyone Helps"
"The Best Farm","6","Everyone Helps"
"The Best Farm","6","Everyone Helps"
"The Best Farm","6","Everyone Helps"
"The Best Farm","6","Everyone Helps"
"The Best Farm","6","Everyone Helps"
"The Best Farm","6","Everyone Helps"
"The Best Farm","6","Everyone Helps"
"The Best Farm","6","Everyone Helps"
"The Best Farm","6","Everyone Helps"
"The Best Farm","6","Everyone Helps"
"The Best Farm","6","Everyone Helps"
"The Best Farm","6","Everyone Helps"
"The Best Farm","6","Everyone Helps"
"The Best Farm","6","Everyone Helps"
"The Best Farm","6","Everyone Helps"
"The Best Farm","6","Everyone Helps"
"The Best Farm","6","Everyone Helps"
"The Best Farm","6","Everyone Helps"
"The Best Farm","6","Everyone Helps"
"The Best Farm","6","Everyone Helps"
"The Best Farm","6","Everyone Helps"
"The Best Farm","6","Everyone Helps"
"The Best Farm","6","Everyone Helps"
"The Best Farm","6","Everyone Helps"
"The Best Farm","6","Everyone Helps"
"The Best Farm","6","Everyone Helps"
"The Best Farm","6","Everyone Helps"
"The Best Farm","6","Everyone Helps"
"The Best Farm","6","Everyone Helps"
"The Best Farm","6","Everyone Helps"
"The Best Farm","6","Everyone Helps"
"The Best Farm","6","Everyone Helps"
"The Best Farm","6","Everyone Helps"
"The Best Farm","6","Everyone Helps"
"The Best Farm","6","Everyone Helps"
"The Best Farm","6","Everyone Helps"
"The Best Farm","6","Everyone Helps"
"The Best Farm","6","Everyone Helps"
"The Best Farm","6","Everyone Helps"
"The Best Farm","6","Everyone Helps"
"The Best Farm","6","Everyone Helps"
"The Best Farm","6","Everyone Helps"
"The Best Farm","6","Everyone Helps"
"The Best Farm","6","Everyone Helps"
"The Best Farm","6","Everyone Helps"
"The Best Farm","6","Everyone Helps"
"The Best Farm","6","Everyone Helps"
"The Best Farm","6","Everyone Helps"
"The Best Farm","6","Everyone Helps"
"The Best Farm","6","Everyone Helps"
"The Best Farm","6","Everyone Helps"
"The Best Farm","6","Everyone Helps"
"The Best Farm","6","Everyone Helps"
"The Best Farm","6","Everyone Helps"
"The Best Farm","6","Everyone Helps"
"The Best Farm","6","Everyone Helps"
"The Best Farm","6","Everyone Helps"
"The Best Farm","6","Everyone Helps"
"The Best Farm","6","Everyone Helps"
"The Best Farm","6","Everyone Helps"
"The Best Farm","6","Everyone Helps"
"The Best Farm","6","Everyone Helps"
"The Best Farm","6","Everyone Helps"
"The Best Farm","6","Everyone Helps"
"The Best Farm","6","Everyone Helps"
"The Best Farm","6","Everyone Helps"
"The Best Farm","6","Everyone Helps"
"The Best Farm","6","Everyone Helps"
"The Best Farm","6","Everyone Helps"
"The Best Farm","6","Everyone Helps"
"The Best Farm","6","Everyone Helps"
"The Best Farm","6","Everyone Helps"
"The Best Farm","6","Everyone Helps"
"The Best Farm","6","Everyone Helps"
"The Best Farm","6","Everyone Helps"
"The Best Farm","6","Everyone Helps"
"The Best Farm","6","Everyone Helps"
"The Best Farm","6","Everyone Helps"
"The Best Farm","6","Everyone Helps"
"The Best Farm","6","Everyone Helps"
"The Best Farm","6","Everyone Helps"
"The Best Farm","6","Everyone Helps"
"The Best Farm","6","Everyone Helps"
"The Best Farm","6","Everyone Helps"
"The Best Farm","6","Everyone Helps"
"The Best Farm","6","Everyone Helps"
"The Best Farm","6","Everyone Helps"
"The Best Farm","6","Everyone Helps"
"The Best Farm","6","Everyone Helps"
"The Best Farm","6","Everyone Helps"
"The Best Farm","6","Everyone Helps"
"The Best Farm","6","Everyone Helps"
"The Best Farm","6","Everyone Helps"
"The Best Farm","6","Everyone Helps"
"The Best Farm","6","Everyone Helps"
"The Best Farm","6","Everyone Helps"
"The Best Farm","6","Everyone Helps"
"The Best Farm","6","Everyone Helps"
"The Best Farm","6","Everyone Helps"
"The Best Farm","6","Everyone Helps"
"The Best Farm","6","Everyone Helps"
"The Best Farm","6","Everyone Helps"
"The Best Farm","6","Everyone Helps"
"The Best Farm","6","Everyone Helps"
"The Best Farm","6","Everyone Helps"
"The Best Farm","6","Everyone Helps"
"The Best Farm","6","Everyone Helps"
"The Best Farm","6","Everyone Helps"
"The Best Farm","6","Everyone Helps"
"The Best Farm","6","Everyone Helps"
"The Best Farm","6","Everyone Helps"
"","0",""
"","0",""
"","0",""
"","0",""
"The Best Farm","7","The Best Farm Award"
"The Best Farm","7","The Best Farm Award"
"The Best Farm","7","The Best Farm Award"
"The Best Farm","7","The Best Farm Award"
"The Best Farm","7","The Best Farm Award"
"The Best Farm","7","The Best Farm Award"
"The Best Farm","7","The Best Farm Award"
"The Best Farm","7","The Best Farm Award"
"The Best Farm","7","The Best Farm Award"
"The Best Farm","7","The Best Farm Award"
"The Best Farm","7","The Best Farm Award"
"The Best Farm","7","The Best Farm Award"
"The Best Farm","7","The Best Farm Award"
"The Best Farm","7","The Best Farm Award"
"The Best Farm","7","The Best Farm Award"
"The Best Farm","7","The Best Farm Award"
"The Best Farm","7","The Best Farm Award"
"The Best Farm","7","The Best Farm Award"
"The Best Farm","7","The Best Farm Award"
"The Best Farm","7","The Best Farm Award"
"The Best Farm","7","The Best Farm Award"
"The Best Farm","7","The Best Farm Award"
"The Best Farm","7","The Best Farm Award"
"The Best Farm","7","The Best Farm Award"
"The Best Farm","7","The Best Farm Award"
"The Best Farm","7","The Best Farm Award"
"The Best Farm","7","The Best Farm Award"
"The Best Farm","7","The Best Farm Award"
"The Best Farm","7","The Best Farm Award"
"The Best Farm","7","The Best Farm Award"
"The Best Farm","7","The Best Farm Award"
"The Best Farm","7","The Best Farm Award"
"The Best Farm","7","The Best Farm Award"
"The Best Farm","7","The Best Farm Award"
"The Best Farm","7","The Best Farm Award"
"The Best Farm","7","The Best Farm Award"
"The Best Farm","7","The Best Farm Award"
"The Best Farm","7","The Best Farm Award"
"The Best Farm","7","The Best Farm Award"
"The Best Farm","7","The Best Farm Award"
"The Best Farm","7","The Best Farm Award"
"The Best Farm","7","The Best Farm Award"
"The Best Farm","7","The Best Farm Award"
"The Best Farm","7","The Best Farm Award"
"The Best Farm","7","The Best Farm Award"
"The Best Farm","7","The Best Farm Award"
"The Best Farm","7","The Best Farm Award"
"The Best Farm","7","The Best Farm Award"
"The Best Farm","7","The Best Farm Award"
"The Best Farm","7","The Best Farm Award"
"The Best Farm","7","The Best Farm Award"
"The Best Farm","7","The Best Farm Award"
"The Best Farm","7","The Best Farm Award"
"The Best Farm","7","The Best Farm Award"
"The Best Farm","7","The Best Farm Award"
"The Best Farm","7","The Best Farm Award"
"The Best Farm","7","The Best Farm Award"
"The Best Farm","7","The Best Farm Award"
"The Best Farm","7","The Best Farm Award"
"The Best Farm","7","The Best Farm Award"
"The Best Farm","7","The Best Farm Award"
"The Best Farm","7","The Best Farm Award"
"The Best Farm","7","The Best Farm Award"
"The Best Farm","7","The Best Farm Award"
"The Best Farm","7","The Best Farm Award"
"The Best Farm","7","The Best Farm Award"
"The Best Farm","7","The Best Farm Award"
"The Best Farm","7","The Best Farm Award"
"The Best Farm","7","The Best Farm Award"
"The Best Farm","7","The Best Farm Award"
"The Best Farm","7","The Best Farm Award"
"The Best Farm","7","The Best Farm Award"
"The Best Farm","7","The Best Farm Award"
"The Best Farm","7","The Best Farm Award"
"The Best Farm","7","The Best Farm Award"
"The Best Farm","7","The Best Farm Award"
"The Best Farm","7","The Best Farm Award"
"The Best Farm","7","The Best Farm Award"
"The Best Farm","7","The Best Farm Award"
"The Best Farm","7","The Best Farm Award"
"The Best Farm","7","The Best Farm Award"
"The Best Farm","7","The Best Farm Award"
"The Best Farm","7","The Best Farm Award"
"The Best Farm","7","The Best Farm Award"
"The Best Farm","7","The Best Farm Award"
"The Best Farm","7","The Best Farm Award"
"The Best Farm","7","The Best Farm Award"
"The Best Farm","7","The Best Farm Award"
"The Best Farm","7","The Best Farm Award"
"The Best Farm","7","The Best Farm Award"
"The Best Farm","7","The Best Farm Award"
"The Best Farm","7","The Best Farm Award"
"The Best Farm","7","The Best Farm Award"
"The Best Farm","7","The Best Farm Award"
"The Best Farm","7","The Best Farm Award"
"The Best Farm","7","The Best Farm Award"
"The Best Farm","7","The Best Farm Award"
"The Best Farm","7","The Best Farm Award"
"The Best Farm","7","The Best Farm Award"
"The Best Farm","7","The Best Farm Award"
"The Best Farm","7","The Best Farm Award"
"The Best Farm","7","The Best Farm Award"
"The Best Farm","7","The Best Farm Award"
"The Best Farm","7","The Best Farm Award"
"The Best Farm","7","The Best Farm Award"
"The Best Farm","7","The Best Farm Award"
"The Best Farm","7","The Best Farm Award"
"The Best Farm","7","The Best Farm Award"
"The Best Farm","7","The Best Farm Award"
"The Best Farm","7","The Best Farm Award"
"The Best Farm","7","The Best Farm Award"
"The Best Farm","7","The Best Farm Award"
"The Best Farm","7","The Best Farm Award"
"The Best Farm","7","The Best Farm Award"
"The Best Farm","7","The Best Farm Award"
"The Best Farm","7","The Best Farm Award"
"The Best Farm","7","The Best Farm Award"
"The Best Farm","7","The Best Farm Award"
"The Best Farm","7","The Best Farm Award"
"The Best Farm","7","The Best Farm Award"
"The Best Farm","7","The Best Farm Award"
"The Best Farm","7","The Best Farm Award"
"The Best Farm","7","The Best Farm Award"
"The Best Farm","7","The Best Farm Award"
"The Best Farm","7","The Best Farm Award"
"The Best Farm","7","The Best Farm Award"
"The Best Farm","7","The Best Farm Award"
"The Best Farm","7","The Best Farm Award"
"The Best Farm","7","The Best Farm Award"
"The Best Farm","7","The Best Farm Award"
"The Best Farm","7","The Best Farm Award"
"The Best Farm","7","The Best Farm Award"
"The Best Farm","7","The Best Farm Award"
"The Best Farm","7","The Best Farm Award"
"The Best Farm","7","The Best Farm Award"
"The Best Farm","7","The Best Farm Award"
"The Best Farm","7","The Best Farm Award"
"The Best Farm","7","The Best Farm Award"
"The Best Farm","7","The Best Farm Award"
"The Best Farm","7","The Best Farm Award"
"The Best Farm","7","The Best Farm Award"
"The Best Farm","7","The Best Farm Award"
"The Best Farm","7","The Best Farm Award"
"The Best Farm","7","The Best Farm Award"
"The Best Farm","7","The Best Farm Award"
"The Best Farm","7","The Best Farm Award"
"The Best Farm","7","The Best Farm Award"
"The Best Farm","7","The Best Farm Award"
"The Best Farm","7","The Best Farm Award"
"The Best Farm","7","The Best Farm Award"
"The Best Farm","7","The Best Farm Award"
"The Best Farm","7","The Best Farm Award"
"The Best Farm","7","The Best Farm Award"
"The Best Farm","7","The Best Farm Award"
"The Best Farm","7","The Best Farm Award"
"The Best Farm","7","The Best Farm Award"
"The Best Farm","7","The Best Farm Award"
"The Best Farm","7","The Best Farm Award"
"The Best Farm","7","The Best Farm Award"
"The Best Farm","7","The Best Farm Award"
"The Best Farm","7","The Best Farm Award"
"The Best Farm","7","The Best Farm Award"
"The Best Farm","7","The Best Farm Award"
"The Best Farm","7","The Best Farm Award"
"The Best Farm","7","The Best Farm Award"
"The Best Farm","7","The Best Farm Award"
"The Best Farm","7","The Best Farm Award"
"The Best Farm","7","The Best Farm Award"
"The Best Farm","7","The Best Farm Award"
"The Best Farm","7","The Best Farm Award"
"The Best Farm","7","The Best Farm Award"
"The Best Farm","7","The Best Farm Award"
"The Best Farm","7","The Best Farm Award"
"The Best Farm","7","The Best Farm Award"
"The Best Farm","7","The Best Farm Award"
"The Best Farm","7","The Best Farm Award"
"The Best Farm","7","The Best Farm Award"
"The Best Farm","7","The Best Farm Award"
"The Best Farm","7","The Best Farm Award"
"The Best Farm","7","The Best Farm Award"
"The Best Farm","7","The Best Farm Award"
"The Best Farm","7","The Best Farm Award"
"The Best Farm","7","The Best Farm Award"
"The Best Farm","7","The Best Farm Award"
"The Best Farm","7","The Best Farm Award"
"The Best Farm","7","The Best Farm Award"
"The Best Farm","7","The Best Farm Award"
"The Best Farm","7","The Best Farm Award"
"The Best Farm","7","The Best Farm Award"
"The Best Farm","7","The Best Farm Award"
"The Best Farm","7","The Best Farm Award"
"The Best Farm","7","The Best Farm Award"
"The Best Farm","7","The Best Farm Award"
"The Best Farm","7","The Best Farm Award"
"The Best Farm","7","The Best Farm Award"
"The Best Farm","7","The Best Farm Award"
"The Best Farm","7","The Best Farm Award"
"The Best Farm","7","The Best Farm Award"
"The Best Farm","7","The Best Farm Award"
"The Best Farm","7","The Best Farm Award"
"The Best Farm","7","The Best Farm Award"
"The Best Farm","7","The Best Farm Award"
"The Best Farm","7","The Best Farm Award"
"The Best Farm","7","The Best Farm Award"
"The Best Farm","7","The Best Farm Award"
"The Best Farm","7","The Best Farm Award"
"The Best Farm","7","The Best Farm Award"
"The Best Farm","7","The Best Farm Award"
"The Best Farm","7","The Best Farm Award"
"The Best Farm","7","The Best Farm Award"
"The Best Farm","7","The Best Farm Award"
"The Best Farm","7","The Best Farm Award"
"The Best Farm","7","The Best Farm Award"
"The Best Farm","7","The Best Farm Award"
"The Best Farm","7","The Best Farm Award"
"The Best Farm","7","The Best Farm Award"
"The Best Farm","7","The Best Farm Award"
"The Best Farm","7","The Best Farm Award"
"The Best Farm","7","The Best Farm Award"
"The Best Farm","7","The Best Farm Award"
"The Best Farm","7","The Best Farm Award"
"The Best Farm","7","The Best Farm Award"
"The Best Farm","7","The Best Farm Award"
"The Best Farm","7","The Best Farm Award"
"The Best Farm","7","The Best Farm Award"
"The Best Farm","7","The Best Farm Award"
"The Best Farm","7","The Best Farm Award"
"The Best Farm","7","The Best Farm Award"
"The Best Farm","7","The Best Farm Award"
"The Best Farm","7","The Best Farm Award"
"The Best Farm","7","The Best Farm Award"
"The Best Farm","7","The Best Farm Award"
"The Best Farm","7","The Best Farm Award"
"The Best Farm","7","The Best Farm Award"
"The Best Farm","7","The Best Farm Award"
"The Best Farm","7","The Best Farm Award"
"The Best Farm","7","The Best Farm Award"
"The Best Farm","7","The Best Farm Award"
"The Best Farm","7","The Best Farm Award"
"The Best Farm","7","The Best Farm Award"
"The Best Farm","7","The Best Farm Award"
"The Best Farm","7","The Best Farm Award"
"The Best Farm","7","The Best Farm Award"
"The Best Farm","7","The Best Farm Award"
"The Best Farm","7","The Best Farm Award"
"The Best Farm","7","The Best Farm Award"
"The Best Farm","7","The Best Farm Award"
"The Best Farm","7","The Best Farm Award"
"The Best Farm","7","The Best Farm Award"
"The Best Farm","7","The Best Farm Award"
"The Best Farm","7","The Best Farm Award"
"The Best Farm","7","The Best Farm Award"
"The Best Farm","7","The Best Farm Award"
"The Best Farm","7","The Best Farm Award"
"The Best Farm","7","The Best Farm Award"
"The Best Farm","7","The Best Farm Award"
"The Best Farm","7","The Best Farm Award"
"The Best Farm","7","The Best Farm Award"
"The Best Farm","7","The Best Farm Award"
"The Best Farm","7","The Best Farm Award"
"The Best Farm","7","The Best Farm Award"
"The Best Farm","7","The Best Farm Award"
"The Best Farm","7","The Best Farm Award"
"The Best Farm","7","The Best Farm Award"
"The Best Farm","7","The Best Farm Award"
"The Best Farm","7","The Best Farm Award"
"The Best Farm","7","The Best Farm Award"
"The Best Farm","7","The Best Farm Award"
"The Best Farm","7","The Best Farm Award"
"The Best Farm","7","The Best Farm Award"
"The Best Farm","7","The Best Farm Award"
"The Best Farm","7","The Best Farm Award"
"The Best Farm","7","The Best Farm Award"
"The Best Farm","7","The Best Farm Award"
"The Best Farm","7","The Best Farm Award"
"The Best Farm","7","The Best Farm Award"
"The Best Farm","7","The Best Farm Award"
"The Best Farm","7","The Best Farm Award"
"The Best Farm","7","The Best Farm Award"
"The Best Farm","7","The Best Farm Award"
"The Best Farm","7","The Best Farm Award"
"The Best Farm","7","The Best Farm Award"
"The Best Farm","7","The Best Farm Award"
"The Best Farm","7","The Best Farm Award"
"The Best Farm","7","The Best Farm Award"
"The Best Farm","7","The Best Farm Award"
"The Best Farm","7","The Best Farm Award"
"The Best Farm","7","The Best Farm Award"
"The Best Farm","7","The Best Farm Award"
"The Best Farm","7","The Best Farm Award"
"The Best Farm","7","The Best Farm Award"
"The Best Farm","7","The Best Farm Award"
"The Best Farm","7","The Best Farm Award"
"The Best Farm","7","The Best Farm Award"
"The Best Farm","7","The Best Farm Award"
"The Best Farm","7","The Best Farm Award"
"The Best Farm","7","The Best Farm Award"
"The Best Farm","7","The Best Farm Award"
"The Best Farm","7","The Best Farm Award"
"The Best Farm","7","The Best Farm Award"
"The Best Farm","7","The Best Farm Award"
"The Best Farm","7","The Best Farm Award"
"The Best Farm","7","The Best Farm Award"
"The Best Farm","7","The Best Farm Award"
"The Best Farm","7","The Best Farm Award"
"The Best Farm","7","The Best Farm Award"
"The Best Farm","7","The Best Farm Award"
"The Best Farm","7","The Best Farm Award"
"The Best Farm","7","The Best Farm Award"
"The Best Farm","7","The Best Farm Award"
"The Best Farm","7","The Best Farm Award"
"The Best Farm","7","The Best Farm Award"
"The Best Farm","7","The Best Farm Award"
"The Best Farm","7","The Best Farm Award"
"The Best Farm","7","The Best Farm Award"
"The Best Farm","7","The Best Farm Award"
"The Best Farm","7","The Best Farm Award"
"The Best Farm","7","The Best Farm Award"
"The Best Farm","7","The Best Farm Award"
"The Best Farm","7","The Best Farm Award"
"The Best Farm","7","The Best Farm Award"
"The Best Farm","7","The Best Farm Award"
"The Best Farm","7","The Best Farm Award"
"The Best Farm","7","The Best Farm Award"
"The Best Farm","7","The Best Farm Award"
"The Best Farm","7","The Best Farm Award"
"The Best Farm","7","The Best Farm Award"
"The Best Farm","7","The Best Farm Award"
"The Best Farm","7","The Best Farm Award"
"The Best Farm","7","The Best Farm Award"
"The Best Farm","7","The Best Farm Award"
"The Best Farm","7","The Best Farm Award"
"The Best Farm","7","The Best Farm Award"
"The Best Farm","7","The Best Farm Award"
"The Best Farm","7","The Best Farm Award"
"The Best Farm","7","The Best Farm Award"
"The Best Farm","7","The Best Farm Award"
"The Best Farm","7","The Best Farm Award"
"The Best Farm","7","The Best Farm Award"
"The Best Farm","7","The Best Farm Award"
"The Best Farm","7","The Best Farm Award"
"The Best Farm","7","The Best Farm Award"
"The Best Farm","7","The Best Farm Award"
"The Best Farm","7","The Best Farm Award"
"The Best Farm","7","The Best Farm Award"
"The Best Farm","7","The Best Farm Award"
"The Best Farm","7","The Best Farm Award"
"The Best Farm","7","The Best Farm Award"
"The Best Farm","7","The Best Farm Award"
"The Best Farm","7","The Best Farm Award"
"The Best Farm","7","The Best Farm Award"
"The Best Farm","7","The Best Farm Award"
"The Best Farm","7","The Best Farm Award"
"The Best Farm","7","The Best Farm Award"
"The Best Farm","7","The Best Farm Award"
"The Best Farm","7","The Best Farm Award"
"The Best Farm","7","The Best Farm Award"
"The Best Farm","7","The Best Farm Award"
"The Best Farm","7","The Best Farm Award"
"The Best Farm","7","The Best Farm Award"
"The Best Farm","7","The Best Farm Award"
"The Best Farm","7","The Best Farm Award"
"The Best Farm","7","The Best Farm Award"
"The Best Farm","7","The Best Farm Award"
"The Best Farm","7","The Best Farm Award"
"The Best Farm","7","The Best Farm Award"
"The Best Farm","7","The Best Farm Award"
"The Best Farm","7","The Best Farm Award"
"The Best Farm","7","The Best Farm Award"
"The Best Farm","7","The Best Farm Award"
